timestamp,roll_body,pitch_body,yaw_body,yaw_sp_move_rate,q_d[0],q_d[1],q_d[2],q_d[3],thrust,landing_gear,q_d_valid,roll_reset_integral,pitch_reset_integral,yaw_reset_integral,fw_control_yaw,disable_mc_yaw_control,apply_flaps
1437590,0.0,0.0,-0.000608522,0.0,1.0,0.0,0.0,-0.000304261,0.0,-1.0,1,0,0,0,0,0,0
1539556,0.0,0.0,-0.000841187,0.0,1.0,0.0,0.0,-0.000420594,0.0,-1.0,1,0,0,0,0,0,0
1642117,0.0,0.0,-0.00108675,0.0,1.0,0.0,0.0,-0.000543375,0.0,-1.0,1,0,0,0,0,0,0
1744615,0.0,0.0,-0.00137757,0.0,1.0,0.0,0.0,-0.000688786,0.0,-1.0,1,0,0,0,0,0,0
1847092,0.0,0.0,-0.00168257,0.0,1.0,0.0,0.0,-0.000841286,0.0,-1.0,1,0,0,0,0,0,0
1947050,0.0,0.0,-0.00201921,0.0,0.999999,0.0,0.0,-0.00100961,0.0,-1.0,1,0,0,0,0,0,0
2049623,0.0,0.0,-0.00239229,0.0,0.999999,0.0,0.0,-0.00119615,0.0,-1.0,1,0,0,0,0,0,0
2149599,0.0,0.0,-0.00282022,0.0,0.999999,0.0,0.0,-0.00141011,0.0,-1.0,1,0,0,0,0,0,0
2252122,0.0,0.0,-0.00327416,0.0,0.999999,0.0,0.0,-0.00163708,0.0,-1.0,1,0,0,0,0,0,0
2354600,0.0,0.0,-0.0037723,0.0,0.999998,0.0,0.0,-0.00188615,0.0,-1.0,1,0,0,0,0,0,0
2452141,0.0,0.0,-0.00425528,0.0,0.999998,0.0,0.0,-0.00212764,0.0,-1.0,1,0,0,0,0,0,0
2554587,0.0,0.0,-0.00483275,0.0,0.999997,0.0,0.0,-0.00241637,0.0,-1.0,1,0,0,0,0,0,0
2654613,0.0,0.0,-0.00545552,0.0,0.999996,0.0,0.0,-0.00272776,0.0,-1.0,1,0,0,0,0,0,0
2759607,0.0,0.0,-0.00613742,0.0,0.999995,0.0,0.0,-0.00306871,0.0,-1.0,1,0,0,0,0,0,0
2862084,0.0,0.0,-0.00689866,0.0,0.999994,0.0,0.0,-0.00344932,0.0,-1.0,1,0,0,0,0,0,0
2962134,0.0,0.0,-0.00767686,0.0,0.999993,0.0,0.0,-0.00383842,0.0,-1.0,1,0,0,0,0,0,0
3064626,0.0,0.0,-0.00852636,0.0,0.999991,0.0,0.0,-0.00426317,0.0,-1.0,1,0,0,0,0,0,0
3164664,0.0,0.0,-0.00936098,0.0,0.999989,0.0,0.0,-0.00468047,0.0,-1.0,1,0,0,0,0,0,0
3267103,0.0,0.0,-0.010232,0.0,0.999987,0.0,0.0,-0.00511596,0.0,-1.0,1,0,0,0,0,0,0
3369601,0.0,0.0,-0.0111636,0.0,0.999984,0.0,0.0,-0.00558178,0.0,-1.0,1,0,0,0,0,0,0
3467090,0.0,0.0,-0.0120877,0.0,0.999982,0.0,0.0,-0.00604383,0.0,-1.0,1,0,0,0,0,0,0
3572056,0.0,0.0,-0.0131738,0.0,0.999978,0.0,0.0,-0.00658687,0.0,-1.0,1,0,0,0,0,0,0
3674450,0.0,0.0,-0.0142943,0.0,0.999974,0.0,0.0,-0.00714708,0.0,-1.0,1,0,0,0,0,0,0
3774096,0.0,0.0,-0.0153609,0.0,0.99997,0.0,0.0,-0.00768035,0.0,-1.0,1,0,0,0,0,0,0
3876585,0.0,0.0,-0.0165164,0.0,0.999966,0.0,0.0,-0.00825809,0.0,-1.0,1,0,0,0,0,0,0
3976656,0.0,0.0,-0.0176174,0.0,0.999961,0.0,0.0,-0.00880859,0.0,-1.0,1,0,0,0,0,0,0
4076692,0.0,0.0,-0.0186931,0.0,0.999956,0.0,0.0,-0.00934639,0.0,-1.0,1,0,0,0,0,0,0
4181595,0.0,0.0,-0.019854,0.0,0.999951,0.0,0.0,-0.00992686,0.0,-1.0,1,0,0,0,0,0,0
4278820,0.0,0.0,-0.0209216,0.0,0.999945,0.0,0.0,-0.0104606,0.0,-1.0,1,0,0,0,0,0,0
4381373,0.0,0.0,-0.0220504,0.0,0.999939,0.0,0.0,-0.011025,0.0,-1.0,1,0,0,0,0,0,0
4483861,0.0,0.0,-0.0231319,0.0,0.999933,0.0,0.0,-0.0115657,0.0,-1.0,1,0,0,0,0,0,0
4586367,0.0,0.0,-0.0242542,0.0,0.999926,0.0,0.0,-0.0121268,0.0,-1.0,1,0,0,0,0,0,0
4686342,0.0,0.0,-0.0252941,0.0,0.99992,0.0,0.0,-0.0126467,0.0,-1.0,1,0,0,0,0,0,0
4786362,0.0,0.0,-0.0263985,0.0,0.999913,0.0,0.0,-0.0131989,0.0,-1.0,1,0,0,0,0,0,0
4888886,0.0,0.0,-0.027461,0.0,0.999906,0.0,0.0,-0.0137301,0.0,-1.0,1,0,0,0,0,0,0
4991399,0.0,0.0,-0.0284915,0.0,0.999899,0.0,0.0,-0.0142453,0.0,-1.0,1,0,0,0,0,0,0
5093864,0.0,0.0,-0.0295325,0.0,0.999891,0.0,0.0,-0.0147657,0.0,-1.0,1,0,0,0,0,0,0
5192997,0.0,0.0,-0.0304974,0.0,0.999884,0.0,0.0,-0.0152481,0.0,-1.0,1,0,0,0,0,0,0
5297907,0.0,0.0,-0.0314748,0.0,0.999876,0.0,0.0,-0.0157367,0.0,-1.0,1,0,0,0,0,0,0
5395412,0.0,0.0,-0.0323753,0.0,0.999869,0.0,0.0,-0.016187,0.0,-1.0,1,0,0,0,0,0,0
5498306,0.0,0.0,-0.0332876,0.0,0.999861,0.0,0.0,-0.016643,0.0,-1.0,1,0,0,0,0,0,0
5602582,0.0,0.0,-0.034173,0.0,0.999854,0.0,0.0,-0.0170857,0.0,-1.0,1,0,0,0,0,0,0
5700131,0.0,0.0,-0.0350185,0.0,0.999847,0.0,0.0,-0.0175084,0.0,-1.0,1,0,0,0,0,0,0
5805071,0.0,0.0,-0.0358652,0.0,0.999839,0.0,0.0,-0.0179316,0.0,-1.0,1,0,0,0,0,0,0
5905168,0.0,0.0,-0.0366477,0.0,0.999832,0.0,0.0,-0.0183228,0.0,-1.0,1,0,0,0,0,0,0
6005035,0.0,0.0,-0.0373867,0.0,0.999825,0.0,0.0,-0.0186923,0.0,-1.0,1,0,0,0,0,0,0
6107561,0.0,0.0,-0.0381598,0.0,0.999818,0.0,0.0,-0.0190787,0.0,-1.0,1,0,0,0,0,0,0
6207652,0.0,0.0,-0.0388443,0.0,0.999811,0.0,0.0,-0.0194209,0.0,-1.0,1,0,0,0,0,0,0
6312583,0.0,0.0,-0.0395283,0.0,0.999805,0.0,0.0,-0.0197629,0.0,-1.0,1,0,0,0,0,0,0
6410063,0.0,0.0,-0.0401424,0.0,0.999799,0.0,0.0,-0.0200698,0.0,-1.0,1,0,0,0,0,0,0
6514794,0.0,0.0,-0.0407516,0.0,0.999792,0.0,0.0,-0.0203744,0.0,-1.0,1,0,0,0,0,0,0
6617350,0.0,0.0,-0.0413687,0.0,0.999786,0.0,0.0,-0.0206829,0.0,-1.0,1,0,0,0,0,0,0
6717281,0.0,0.0,-0.0419206,0.0,0.99978,0.0,0.0,-0.0209588,0.0,-1.0,1,0,0,0,0,0,0
6819880,0.0,0.0,-0.0424816,0.0,0.999774,0.0,0.0,-0.0212392,0.0,-1.0,1,0,0,0,0,0,0
6919791,0.0,0.0,-0.0429886,0.0,0.999769,0.0,0.0,-0.0214926,0.0,-1.0,1,0,0,0,0,0,0
7022123,0.0,0.0,-0.0434863,0.0,0.999764,0.0,0.0,-0.0217414,0.0,-1.0,1,0,0,0,0,0,0
7123600,0.0,0.0,-0.0439705,0.0,0.999758,0.0,0.0,-0.0219835,0.0,-1.0,1,0,0,0,0,0,0
7226080,0.0,0.0,-0.0444081,0.0,0.999753,0.0,0.0,-0.0222022,0.0,-1.0,1,0,0,0,0,0,0
7326103,0.0,0.0,-0.0448373,0.0,0.999749,0.0,0.0,-0.0224168,0.0,-1.0,1,0,0,0,0,0,0
7428582,0.0,0.0,-0.0452569,0.0,0.999744,0.0,0.0,-0.0226265,0.0,-1.0,1,0,0,0,0,0,0
7528540,0.0,0.0,-0.0456525,0.0,0.999739,0.0,0.0,-0.0228243,0.0,-1.0,1,0,0,0,0,0,0
7628570,0.0,0.0,-0.0460204,0.0,0.999735,0.0,0.0,-0.0230081,0.0,-1.0,1,0,0,0,0,0,0
7733586,0.0,0.0,-0.0463761,0.0,0.999731,0.0,0.0,-0.023186,0.0,-1.0,1,0,0,0,0,0,0
7831055,0.0,0.0,-0.04669,0.0,0.999727,0.0,0.0,-0.0233429,0.0,-1.0,1,0,0,0,0,0,0
7933556,0.0,0.0,-0.0470015,0.0,0.999724,0.0,0.0,-0.0234986,0.0,-1.0,1,0,0,0,0,0,0
8038155,0.0,0.0,-0.0473162,0.0,0.99972,0.0,0.0,-0.0236559,0.0,-1.0,1,0,0,0,0,0,0
8138150,0.0,0.0,-0.047595,0.0,0.999717,0.0,0.0,-0.0237952,0.0,-1.0,1,0,0,0,0,0,0
8240678,0.0,0.0,-0.0478803,0.0,0.999713,0.0,0.0,-0.0239378,0.0,-1.0,1,0,0,0,0,0,0
8340718,0.0,0.0,-0.0481419,0.0,0.99971,0.0,0.0,-0.0240686,0.0,-1.0,1,0,0,0,0,0,0
8443666,0.0,0.0,-0.0483937,0.0,0.999707,0.0,0.0,-0.0241945,0.0,-1.0,1,0,0,0,0,0,0
8545626,0.0,0.0,-0.0486458,0.0,0.999704,0.0,0.0,-0.0243205,0.0,-1.0,1,0,0,0,0,0,0
8647935,0.0,0.0,-0.0489119,0.0,0.999701,0.0,0.0,-0.0244535,0.0,-1.0,1,0,0,0,0,0,0
8747995,0.0,0.0,-0.0491148,0.0,0.999698,0.0,0.0,-0.0245549,0.0,-1.0,1,0,0,0,0,0,0
8847877,0.0,0.0,-0.0493015,0.0,0.999696,0.0,0.0,-0.0246482,0.0,-1.0,1,0,0,0,0,0,0
8950094,0.0,0.0,-0.0494743,0.0,0.999694,0.0,0.0,-0.0247346,0.0,-1.0,1,0,0,0,0,0,0
9050224,0.0,0.0,-0.0496694,0.0,0.999692,0.0,0.0,-0.0248322,0.0,-1.0,1,0,0,0,0,0,0
9155100,0.0,0.0,-0.0498662,0.0,0.999689,0.0,0.0,-0.0249305,0.0,-1.0,1,0,0,0,0,0,0
9252607,0.0,0.0,-0.0500266,0.0,0.999687,0.0,0.0,-0.0250107,0.0,-1.0,1,0,0,0,0,0,0
9357602,0.0,0.0,-0.0501682,0.0,0.999685,0.0,0.0,-0.0250815,0.0,-1.0,1,0,0,0,0,0,0
9457494,0.0,0.0,-0.0503027,0.0,0.999684,0.0,0.0,-0.0251487,0.0,-1.0,1,0,0,0,0,0,0
9557442,0.0,0.0,-0.0504666,0.0,0.999682,0.0,0.0,-0.0252306,0.0,-1.0,1,0,0,0,0,0,0
9662425,0.0,0.0,-0.0506317,0.0,0.99968,0.0,0.0,-0.0253131,0.0,-1.0,1,0,0,0,0,0,0
9762493,0.0,0.0,-0.0507503,0.0,0.999678,0.0,0.0,-0.0253724,0.0,-1.0,1,0,0,0,0,0,0
9862424,0.0,0.0,-0.0508645,0.0,0.999677,0.0,0.0,-0.0254295,0.0,-1.0,1,0,0,0,0,0,0
9964926,0.0,0.0,-0.0509927,0.0,0.999675,0.0,0.0,-0.0254936,0.0,-1.0,1,0,0,0,0,0,0
10064954,0.0,0.0,-0.0510946,0.0,0.999674,0.0,0.0,-0.0255445,0.0,-1.0,1,0,0,0,0,0,0
10169985,0.0,0.0,-0.0512156,0.0,0.999672,0.0,0.0,-0.025605,0.0,-1.0,1,0,0,0,0,0,0
10269951,0.0,0.0,-0.0512724,0.0,0.999671,0.0,0.0,-0.0256334,0.0,-1.0,1,0,0,0,0,0,0
10372427,0.0,0.0,-0.0509314,0.0,0.999676,0.0,0.0,-0.025463,0.0,-1.0,1,0,0,0,0,0,0
10472408,0.0,0.0,-0.0502226,0.0,0.999685,0.0,0.0,-0.0251087,0.0,-1.0,1,0,0,0,0,0,0
10572488,0.0,0.0,-0.0492295,0.0,0.999697,0.0,0.0,-0.0246123,0.0,-1.0,1,0,0,0,0,0,0
10675038,0.0,0.0,-0.0479568,0.0,0.999713,0.0,0.0,-0.0239761,0.0,-1.0,1,0,0,0,0,0,0
10777435,0.0,0.0,-0.0466498,0.0,0.999728,0.0,0.0,-0.0233228,0.0,-1.0,1,0,0,0,0,0,0
10879925,0.0,0.0,-0.045421,0.0,0.999742,0.0,0.0,-0.0227086,0.0,-1.0,1,0,0,0,0,0,0
10982376,0.0,0.0,-0.0440997,0.0,0.999757,0.0,0.0,-0.0220481,0.0,-1.0,1,0,0,0,0,0,0
11079933,0.0,0.0,-0.0429716,0.0,0.999769,0.0,0.0,-0.0214842,0.0,-1.0,1,0,0,0,0,0,0
11184712,0.0,0.0,-0.0417826,0.0,0.999782,0.0,0.0,-0.0208898,0.0,-1.0,1,0,0,0,0,0,0
11284726,0.0,0.0,-0.0407287,0.0,0.999793,0.0,0.0,-0.0203629,0.0,-1.0,1,0,0,0,0,0,0
11387238,0.0,0.0,-0.039612,0.0,1.0,0.0,0.0,0.0,0.0,-1.0,1,0,0,0,0,0,0
11487237,0.0,0.0,-0.0385476,0.0,1.0,0.0,0.0,0.0,0.0,-1.0,1,0,0,0,0,0,0
11589810,0.0,0.0,-0.0375705,0.0,1.0,0.0,0.0,0.0,0.0,-1.0,1,0,0,0,0,0,0
11692219,0.0,0.0,-0.036582,0.0,1.0,0.0,0.0,0.0,0.0,-1.0,1,0,0,0,0,0,0
11789750,0.0,0.0,-0.0356357,0.0,1.0,0.0,0.0,0.0,0.0,-1.0,1,0,0,0,0,0,0
11894665,0.0,0.0,-0.0347006,0.0,1.0,0.0,0.0,0.0,0.0,-1.0,1,0,0,0,0,0,0
11997266,0.0,0.0,-0.0337941,0.0,1.0,0.0,0.0,0.0,0.0,-1.0,1,0,0,0,0,0,0
12094809,0.0,0.0,-0.0329334,0.0,1.0,0.0,0.0,0.0,0.0,-1.0,1,0,0,0,0,0,0
12197212,0.0,0.0,-0.0320446,0.0,1.0,0.0,0.0,0.0,0.0,-1.0,1,0,0,0,0,0,0
12297203,0.0,0.0,-0.0312316,0.0,1.0,0.0,0.0,0.0,0.0,-1.0,1,0,0,0,0,0,0
12399742,0.0,0.0,-0.0304047,0.0,1.0,0.0,0.0,0.0,0.0,-1.0,1,0,0,0,0,0,0
12504366,0.0,0.0,-0.0295827,0.0,1.0,0.0,0.0,0.0,0.0,-1.0,1,0,0,0,0,0,0
12604366,0.0,0.0,-0.0287762,0.0,1.0,0.0,0.0,0.0,0.0,-1.0,1,0,0,0,0,0,0
12706895,0.0,0.0,-0.028009,0.0,1.0,0.0,0.0,0.0,0.0,-1.0,1,0,0,0,0,0,0
12806926,0.0,0.0,-0.0272624,0.0,1.0,0.0,0.0,0.0,0.0,-1.0,1,0,0,0,0,0,0
12909357,0.0,0.0,-0.0265469,0.0,1.0,0.0,0.0,0.0,0.0,-1.0,1,0,0,0,0,0,0
13009503,0.0,0.0,-0.0258728,0.0,1.0,0.0,0.0,0.0,0.0,-1.0,1,0,0,0,0,0,0
13111879,0.0,0.0,-0.0251698,0.0,1.0,0.0,0.0,0.0,0.0,-1.0,1,0,0,0,0,0,0
13214343,0.0,0.0,-0.0245132,0.0,1.0,0.0,0.0,0.0,0.0,-1.0,1,0,0,0,0,0,0
13316969,-0.000100766,6.92331e-05,-0.0240167,0.0,0.999928,-4.99637e-05,3.52191e-05,-0.0120081,0.467352,-1.0,1,0,0,0,0,0,0
13416442,-0.000115955,2.92411e-05,-0.0237993,0.0,0.999929,-5.77994e-05,1.53094e-05,-0.0118994,0.479793,-1.0,1,0,0,0,0,0,0
13518094,-0.00011629,-1.88569e-05,-0.0237993,0.0,0.999929,-5.82528e-05,-8.73589e-06,-0.0118994,0.492599,-1.0,1,0,0,0,0,0,0
13618082,-0.00010799,-3.66926e-05,-0.0237993,0.0,0.999929,-5.42093e-05,-1.77025e-05,-0.0118994,0.505321,-1.0,1,0,0,0,0,0,0
13723035,-9.43655e-05,-2.5015e-05,-0.0237993,0.0,0.999929,-4.73283e-05,-1.19452e-05,-0.0118994,0.518356,-1.0,1,0,0,0,0,0,0
13820720,-7.905e-05,-1.54867e-05,-0.0237993,0.0,0.999929,-3.96144e-05,-7.27249e-06,-0.0118994,0.52956,-1.0,1,0,0,0,0,0,0
13925299,-7.5731e-05,-1.99498e-05,-0.0237993,0.0,0.999929,-3.79815e-05,-9.52362e-06,-0.0118994,0.540226,-1.0,1,0,0,0,0,0,0
14025251,-7.9105e-05,-1.22823e-05,-0.0237993,0.0,0.999929,-3.96228e-05,-5.67005e-06,-0.0118994,0.541933,-1.0,1,0,0,0,0,0,0
14125335,-9.12202e-05,1.59495e-05,-0.0237993,0.0,0.999929,-4.5512e-05,8.5169e-06,-0.0118994,0.536979,-1.0,1,0,0,0,0,0,0
14230340,-0.000104939,6.38089e-05,-0.0237993,0.0,0.999929,-5.20859e-05,3.25265e-05,-0.0118993,0.531524,-1.0,1,0,0,0,0,0,0
14330361,-0.000125749,0.000110739,-0.0237993,0.0,0.999929,-6.2211e-05,5.61138e-05,-0.0118993,0.526531,-1.0,1,0,0,0,0,0,0
14432805,-0.000145182,0.00017428,-0.0237993,0.0,0.999929,-7.15491e-05,8.79977e-05,-0.0118993,0.521744,-1.0,1,0,0,0,0,0,0
14530252,-0.000169977,0.000232383,-0.0237993,0.0,0.999929,-8.35999e-05,0.000117194,-0.0118993,0.517622,-1.0,1,0,0,0,0,0,0
14636122,-0.000190956,0.000295808,-0.0237993,0.0,0.999929,-9.37111e-05,0.00014903,-0.0118993,0.513651,-1.0,1,0,0,0,0,0,0
14735130,-0.000200109,0.000353065,-0.0237993,0.0,0.999929,-9.79469e-05,0.00017771,-0.0118993,0.510327,-1.0,1,0,0,0,0,0,0
14835095,-0.000200241,0.000386005,-0.0237993,0.0,0.999929,-9.78168e-05,0.00019418,-0.0118993,0.507396,-1.0,1,0,0,0,0,0,0
14940109,-0.000195271,0.000412096,-0.0237993,0.0,0.999929,-9.51768e-05,0.000207195,-0.0118993,0.504724,-1.0,1,0,0,0,0,0,0
15040072,-0.000204186,0.000413557,-0.0237993,0.0,0.999929,-9.96255e-05,0.000207979,-0.0118993,0.502531,-1.0,1,0,0,0,0,0,0
15142545,-0.000211137,0.000394275,-0.0237993,0.0,0.999929,-0.000103215,0.00019838,-0.0118993,0.500597,-1.0,1,0,0,0,0,0,0
15242573,-0.000210083,0.000383069,-0.0237993,0.0,0.999929,-0.000102755,0.000192771,-0.0118993,0.498988,-1.0,1,0,0,0,0,0,0
15345031,-0.000224947,0.00036287,-0.0237993,0.0,0.999929,-0.000110307,0.000182761,-0.0118993,0.497583,-1.0,1,0,0,0,0,0,0
15447738,-0.000236072,0.000351781,-0.0237993,0.0,0.999929,-0.000115935,0.000177283,-0.0118993,0.496406,-1.0,1,0,0,0,0,0,0
15547561,-0.000257071,0.00035754,-0.0237993,0.0,0.999929,-0.000126399,0.000180287,-0.0118993,0.495451,-1.0,1,0,0,0,0,0,0
15647346,-0.0002922,0.000375469,-0.0237993,0.0,0.999929,-0.000143856,0.00018946,-0.0118993,0.494665,-1.0,1,0,0,0,0,0,0
15749839,-0.000314194,0.00037193,-0.0237993,0.0,0.999929,-0.000154873,0.000187821,-0.0118993,0.494003,-1.0,1,0,0,0,0,0,0
15849866,-0.00034298,0.000346383,-0.0237993,0.0,0.999929,-0.000169417,0.00017522,-0.0118993,0.49349,-1.0,1,0,0,0,0,0,0
15954626,-0.000380577,0.000307555,-0.0237993,0.0,0.999929,-0.000188445,0.000156031,-0.0118993,0.49307,-1.0,1,0,0,0,0,0,0
16054576,-0.000422362,0.00029175,-0.0237993,0.0,0.999929,-0.00020943,0.000148378,-0.0118993,0.492761,-1.0,1,0,0,0,0,0,0
16157063,-0.000468376,0.000293116,-0.0237993,0.0,0.999929,-0.000232428,0.000149334,-0.0118993,0.492539,-1.0,1,0,0,0,0,0,0
16259649,-0.000493212,0.000307716,-0.0237993,0.0,0.999929,-0.000244758,0.000156782,-0.0118993,0.492396,-1.0,1,0,0,0,0,0,0
16361882,-0.000503619,0.000331006,-0.0237993,0.0,0.999929,-0.000249822,0.000168488,-0.0118993,0.492305,-1.0,1,0,0,0,0,0,0
16461935,-0.000499147,0.000328848,-0.0237993,0.0,0.999929,-0.000247599,0.000167382,-0.0118993,0.492279,-1.0,1,0,0,0,0,0,0
16564361,-0.000510612,0.000338716,-0.0237993,0.0,0.999929,-0.000253273,0.000172384,-0.0118993,0.492292,-1.0,1,0,0,0,0,0,0
16661925,-0.000510335,0.000357408,-0.0237993,0.0,0.999929,-0.000253023,0.000181728,-0.0118993,0.492342,-1.0,1,0,0,0,0,0,0
16766881,-0.000523374,0.000349042,-0.0237993,0.0,0.999929,-0.000259592,0.000177622,-0.0118993,0.492428,-1.0,1,0,0,0,0,0,0
16867006,-0.000520219,0.000322628,-0.0237993,0.0,0.999929,-0.000258171,0.000164398,-0.0118993,0.49254,-1.0,1,0,0,0,0,0,0
16966677,-0.000514066,0.000317717,-0.0237993,0.0,0.999929,-0.000255124,0.000161906,-0.0118993,0.49266,-1.0,1,0,0,0,0,0,0
17071705,-0.000500434,0.000325525,-0.0237993,0.0,0.999929,-0.000248263,0.000165728,-0.0118993,0.492812,-1.0,1,0,0,0,0,0,0
17171658,-0.000504146,0.000309582,-0.0237993,0.0,0.999929,-0.000250213,0.000157779,-0.0118993,0.492973,-1.0,1,0,0,0,0,0,0
17274172,-0.000517637,0.000312399,-0.0237993,0.0,0.999929,-0.000256941,0.000159268,-0.0118993,0.493147,-1.0,1,0,0,0,0,0,0
17376666,-0.000520908,0.000325068,-0.0237993,0.0,0.999929,-0.000258502,0.000165622,-0.0118993,0.493328,-1.0,1,0,0,0,0,0,0
17473784,-0.000519284,0.000343091,-0.0237993,0.0,0.999929,-0.000257583,0.000174623,-0.0118993,0.493501,-1.0,1,0,0,0,0,0,0
17578816,-0.000525311,0.000363637,-0.0237993,0.0,0.999929,-0.000260473,0.000184931,-0.0118993,0.493702,-1.0,1,0,0,0,0,0,0
17681269,-0.000526122,0.000352955,-0.0237993,0.0,0.999929,-0.000260943,0.000179595,-0.0118993,0.493897,-1.0,1,0,0,0,0,0,0
17781277,-0.000539984,0.000328345,-0.0237993,0.0,0.999929,-0.000268019,0.000167374,-0.0118993,0.494083,-1.0,1,0,0,0,0,0,0
17883823,-0.000558107,0.000288679,-0.0237993,0.0,0.999929,-0.000277316,0.00014765,-0.0118993,0.494276,-1.0,1,0,0,0,0,0,0
17983783,-0.00056453,0.000248489,-0.0237993,0.0,0.999929,-0.000280766,0.000127594,-0.0118993,0.494461,-1.0,1,0,0,0,0,0,0
18086223,-0.00058214,0.00023105,-0.0237993,0.0,0.999929,-0.000289675,0.00011898,-0.0118993,0.494651,-1.0,1,0,0,0,0,0,0
18188722,-0.000606445,0.000230808,-0.0237993,0.0,0.999929,-0.000301828,0.000119004,-0.0118993,0.494836,-1.0,1,0,0,0,0,0,0
18286015,-0.000633451,0.000242026,-0.0237993,0.0,0.999929,-0.000315263,0.000124773,-0.0118993,0.495006,-1.0,1,0,0,0,0,0,0
18390909,-0.000659877,0.000255241,-0.0237993,0.0,0.999929,-0.000328397,0.000131537,-0.0118993,0.495185,-1.0,1,0,0,0,0,0,0
18490579,-0.000668507,0.000247126,-0.0237993,0.0,0.999929,-0.000332759,0.000127532,-0.0118993,0.495353,-1.0,1,0,0,0,0,0,0
18590591,-0.00066048,0.000220108,-0.0237993,0.0,0.999929,-0.000328907,0.000113976,-0.0118993,0.495516,-1.0,1,0,0,0,0,0,0
18695654,-0.000641061,0.000179063,-0.0237993,0.0,0.999929,-0.000319442,9.33393e-05,-0.0118993,0.495684,1.0,1,0,0,0,0,0,0
18793153,-0.000620686,0.000137247,-0.0237993,0.0,0.999929,-0.000309504,7.23117e-05,-0.0118993,0.495836,1.0,1,0,0,0,0,0,0
18898175,-0.000595578,9.96044e-05,-0.0237993,0.0,0.999929,-0.000297175,5.33422e-05,-0.0118993,0.495997,1.0,1,0,0,0,0,0,0
19000636,-0.000577363,8.95371e-05,-0.0237993,0.0,0.999929,-0.000288128,4.82005e-05,-0.0118993,0.496151,1.0,1,0,0,0,0,0,0
19101812,-0.000571358,8.51224e-05,-0.0237993,0.0,0.999929,-0.000285152,4.59576e-05,-0.0118993,0.496303,1.0,1,0,0,0,0,0,0
19199277,-0.000564771,6.73655e-05,-0.0237993,0.0,0.999929,-0.000281965,3.70406e-05,-0.0118993,0.496447,1.0,1,0,0,0,0,0,0
19301444,-0.000564841,4.96772e-05,-0.0237993,0.0,0.999929,-0.000282105,2.81974e-05,-0.0118993,0.496594,1.0,1,0,0,0,0,0,0
19406438,-0.000564678,5.47964e-05,-0.0237993,0.0,0.999929,-0.000281993,3.07559e-05,-0.0118993,0.496737,1.0,1,0,0,0,0,0,0
19506456,-0.000578218,7.39474e-05,-0.0237993,0.0,0.999929,-0.000288648,4.04113e-05,-0.0118993,0.496869,1.0,1,0,0,0,0,0,0
19608940,-0.000590059,8.77189e-05,-0.0237993,0.0,0.999929,-0.000294487,4.7367e-05,-0.0118993,0.497,1.0,1,0,0,0,0,0,0
19708942,-0.000592061,8.2594e-05,-0.0237993,0.0,0.999929,-0.000295518,4.48166e-05,-0.0118993,0.497122,1.0,1,0,0,0,0,0,0
19808963,-0.000585327,7.69601e-05,-0.0237993,0.0,0.999929,-0.000292185,4.19598e-05,-0.0118993,0.497239,1.0,1,0,0,0,0,0,0
19914010,-0.000570085,8.97347e-05,-0.0237993,0.0,0.999929,-0.000284489,4.8256e-05,-0.0118993,0.497356,1.0,1,0,0,0,0,0,0
20013890,-0.00056547,0.000111755,-0.0237993,0.0,0.999929,-0.00028205,5.92378e-05,-0.0118993,0.497466,1.0,1,0,0,0,0,0,0
20113991,-0.000573749,0.000143016,-0.0237993,0.0,0.999929,-0.000286003,7.49165e-05,-0.0118993,0.497567,1.0,1,0,0,0,0,0,0
20218803,-0.000581383,0.000161188,-0.0237993,0.0,0.999929,-0.000289712,8.40472e-05,-0.0118993,0.49767,1.0,1,0,0,0,0,0,0
20318723,-0.000580906,0.000156944,-0.0237993,0.0,0.999929,-0.000289499,8.19226e-05,-0.0118993,0.497765,1.0,1,0,0,0,0,0,0
20421284,-0.000570217,0.000135785,-0.0237993,0.0,0.999929,-0.000284281,7.12802e-05,-0.0118993,0.497857,1.0,1,0,0,0,0,0,0
20518802,-0.000556745,0.000122956,-0.0237993,0.0,0.999929,-0.000277621,6.47862e-05,-0.0118993,0.497942,1.0,1,0,0,0,0,0,0
20623766,-0.0005358,0.000108998,-0.0237993,0.0,0.999929,-0.000267233,5.76828e-05,-0.0118993,0.498027,1.0,1,0,0,0,0,0,0
20726270,-0.000532341,0.000103085,-0.0237993,0.0,0.999929,-0.000265538,5.4706e-05,-0.0118993,0.498112,1.0,1,0,0,0,0,0,0
20826244,-0.000541597,9.49459e-05,-0.0237993,0.0,0.999929,-0.000270215,5.06919e-05,-0.0118993,0.498185,1.0,1,0,0,0,0,0,0
20928734,-0.000550267,7.45377e-05,-0.0237993,0.0,0.999929,-0.00027467,4.05401e-05,-0.0118993,0.498259,1.0,1,0,0,0,0,0,0
21030741,-0.000561855,6.24289e-05,-0.0237993,0.0,0.999929,-0.000280536,3.45551e-05,-0.0118993,0.498329,1.0,1,0,0,0,0,0,0
21127878,-0.000582069,5.06412e-05,-0.0237993,0.0,0.999929,-0.000290713,2.87819e-05,-0.0118993,0.49839,1.0,1,0,0,0,0,0,0
21230371,-0.000596319,2.83366e-05,-0.0237993,0.0,0.999929,-0.00029797,1.77152e-05,-0.0118993,0.498459,1.0,1,0,0,0,0,0,0
21335308,-0.000601033,-1.86482e-06,-0.0237993,0.0,0.999929,-0.000300506,2.64361e-06,-0.0118994,0.498525,1.0,1,0,0,0,0,0,0
21435382,-0.000594035,-1.38421e-05,-0.0237993,0.0,0.999929,-0.000297079,-3.38623e-06,-0.0118994,0.498584,1.0,1,0,0,0,0,0,0
21537829,-0.000597606,-5.14043e-06,-0.0237993,0.0,0.999929,-0.000298812,9.85528e-07,-0.0118994,0.498643,1.0,1,0,0,0,0,0,0
21635393,-0.000613627,1.62593e-05,-0.0237993,0.0,0.999929,-0.000306695,1.178e-05,-0.0118994,0.498698,1.0,1,0,0,0,0,0,0
21737867,-0.000623829,5.03416e-05,-0.0237993,0.0,0.999929,-0.000311593,2.88806e-05,-0.0118993,0.498749,1.0,1,0,0,0,0,0,0
21842961,-0.000621915,6.6361e-05,-0.0237993,0.0,0.999929,-0.00031054,3.68783e-05,-0.0118993,0.498802,1.0,1,0,0,0,0,0,0
21940004,-0.00062932,6.20919e-05,-0.0237993,0.0,0.999929,-0.000314268,3.4788e-05,-0.0118993,0.498848,1.0,1,0,0,0,0,0,0
22044746,-0.0006311,4.48788e-05,-0.0237993,0.0,0.999929,-0.000315261,2.61926e-05,-0.0118993,0.498895,1.0,1,0,0,0,0,0,0
22144783,-0.00064081,3.97796e-05,-0.0237993,0.0,0.999929,-0.000320145,2.3701e-05,-0.0118993,0.498937,1.0,1,0,0,0,0,0,0
22246912,-0.00062459,-0.000647507,-0.0237993,0.0,0.999929,-0.000316125,-0.000320015,-0.0118995,0.498934,1.0,1,0,0,0,0,0,0
22346960,-0.000538089,-0.00360315,-0.0237993,0.0,0.999928,-0.000290462,-0.00179825,-0.0118998,0.4987,1.0,1,0,0,0,0,0,0
22451951,-0.000374802,-0.00983569,-0.0237993,0.0,0.999917,-0.000245905,-0.00491525,-0.0119001,0.498068,1.0,1,0,0,0,0,0,0
22549432,-0.000151287,-0.018663,-0.0237993,0.0,0.999886,-0.000186672,-0.00932982,-0.0118995,0.497073,1.0,1,0,0,0,0,0,0
22654458,0.000172068,-0.0314494,-0.0237993,0.0,0.999806,-0.000101089,-0.015724,-0.0118965,0.495521,1.0,1,0,0,0,0,0,0
22751964,0.000570902,-0.0464198,-0.0237993,0.0,0.99966,9.19596e-06,-0.0232096,-0.0118895,0.493567,1.0,1,0,0,0,0,0,0
22856984,0.00110133,-0.0658057,-0.0237993,0.0,0.999388,0.000158878,-0.0329011,-0.0118748,0.49084,1.0,1,0,0,0,0,0,0
22959412,0.00171846,-0.0880768,-0.0237993,0.0,0.99896,0.000334478,-0.0440313,-0.01185,0.487459,1.0,1,0,0,0,0,0,0
23059471,0.00242159,-0.113156,-0.0237993,0.0,0.998329,0.00053589,-0.0565582,-0.0118118,0.483358,1.0,1,0,0,0,0,0,0
23159466,0.00318958,-0.141359,-0.0237993,0.0,0.997433,0.000750354,-0.0706347,-0.011757,0.478382,1.0,1,0,0,0,0,0,0
23261906,0.00407155,-0.173541,-0.0237993,0.0,0.996167,0.000996756,-0.0866795,-0.0116781,0.472262,1.0,1,0,0,0,0,0,0
23364495,0.00501689,-0.208756,-0.0237993,0.0,0.994487,0.00125484,-0.104211,-0.0115732,0.465022,1.0,1,0,0,0,0,0,0
23467006,0.00602756,-0.247133,-0.0237993,0.0,0.992305,0.00152397,-0.123279,-0.0114371,0.456543,1.0,1,0,0,0,0,0,0
23566957,0.00708894,-0.287283,-0.0237993,0.0,0.989631,0.00180436,-0.143179,-0.0112694,0.447004,1.0,1,0,0,0,0,0,0
23669489,0.00821783,-0.330845,-0.0237993,0.0,0.986279,0.00209309,-0.164704,-0.0110603,0.435814,1.0,1,0,0,0,0,0,0
23769487,0.00935972,-0.375259,-0.0237993,0.0,0.982379,0.00237781,-0.18657,-0.0108175,0.423419,1.0,1,0,0,0,0,0,0
23869447,0.0105278,-0.421248,-0.0237993,0.0,0.977831,0.0026594,-0.209114,-0.0105358,0.40946,1.0,1,0,0,0,0,0,0
23974443,0.0117646,-0.470915,-0.0237993,0.0,0.972338,0.00294361,-0.233336,-0.0101987,0.393042,1.0,1,0,0,0,0,0,0
24074502,0.0129075,-0.518882,-0.0237993,0.0,0.966465,0.00318469,-0.256591,-0.00984536,0.375644,1.0,1,0,0,0,0,0,0
24174440,0.014004,-0.566864,-0.0237993,0.0,0.960033,0.00339452,-0.279705,-0.00946633,0.356408,1.0,1,0,0,0,0,0,0
24276992,0.0151015,-0.615805,-0.0237993,0.0,0.952904,0.00358897,-0.303116,-0.00905126,0.334655,1.0,1,0,0,0,0,0,0
24376963,0.016116,-0.662859,-0.0237993,0.0,0.945512,0.00374698,-0.325452,-0.00862958,0.311522,1.0,1,0,0,0,0,0,0
24479416,0.0170823,-0.709372,-0.0237993,0.0,0.93769,0.0038764,-0.347354,-0.00819221,0.285707,1.0,1,0,0,0,0,0,0
24581913,0.0179779,-0.754681,-0.0237993,0.0,0.929584,0.00397173,-0.368508,-0.00775006,0.257611,1.0,1,0,0,0,0,0,0
24684437,0.0185525,-0.785226,-0.0237993,0.0,0.92385,0.00401719,-0.382662,-0.00744465,0.233047,1.0,1,0,0,0,0,0,0
24781932,0.0185416,-0.785226,-0.0237993,0.0,0.92385,0.00401214,-0.382662,-0.00744674,0.221627,1.0,1,0,0,0,0,0,0
24884454,0.018521,-0.785227,-0.0237993,0.0,0.923849,0.00400264,-0.382662,-0.00745067,0.209582,1.0,1,0,0,0,0,0,0
24987760,0.0184909,-0.785227,-0.0237993,0.0,0.923849,0.00398873,-0.382663,-0.00745643,0.197374,1.0,1,0,0,0,0,0,0
25087532,0.0184466,-0.785228,-0.0237993,0.0,0.923849,0.00396826,-0.382663,-0.0074649,0.185516,1.0,1,0,0,0,0,0,0
25190050,0.0184082,-0.785229,-0.0237993,0.0,0.923849,0.00395048,-0.382663,-0.00747226,0.173174,1.0,1,0,0,0,0,0,0
25290193,0.0183553,-0.78523,-0.0237993,0.0,0.923849,0.00392606,-0.382663,-0.00748236,0.161032,1.0,1,0,0,0,0,0,0
25392157,0.0182956,-0.785231,-0.0237993,0.0,0.923849,0.00389848,-0.382664,-0.00749378,0.148621,-1.0,1,0,0,0,0,0,0
25496707,0.018233,-0.785232,-0.0237993,0.0,0.923849,0.00386953,-0.382664,-0.00750576,0.135844,-1.0,1,0,0,0,0,0,0
25594205,0.0181732,-0.785233,-0.0237993,0.0,0.923849,0.0038419,-0.382664,-0.00751719,0.123697,-1.0,1,0,0,0,0,0,0
25699145,0.0181046,-0.785234,-0.0237993,0.0,0.923849,0.00381021,-0.382664,-0.00753031,0.12,-1.0,1,0,0,0,0,0,0
25799161,0.0180421,-0.785235,-0.0237993,0.0,0.923849,0.00378135,-0.382665,-0.00754225,0.12,-1.0,1,0,0,0,0,0,0
25898712,0.017969,-0.785237,-0.0237993,0.0,0.923849,0.00374758,-0.382665,-0.00755622,0.12,-1.0,1,0,0,0,0,0,0
26001726,0.017899,-0.785238,-0.0237993,0.0,0.923849,0.00371523,-0.382665,-0.00756961,0.12,-1.0,1,0,0,0,0,0,0
26103906,0.0178262,-0.785239,-0.0237993,0.0,0.923848,0.00368157,-0.382666,-0.00758354,0.12,-1.0,1,0,0,0,0,0,0
26205517,0.017765,-0.78524,-0.0237993,0.0,0.923848,0.00365331,-0.382666,-0.00759524,0.12,-1.0,1,0,0,0,0,0,0
26305499,0.017699,-0.785242,-0.0237993,0.0,0.923848,0.00362281,-0.382666,-0.00760786,0.12,-1.0,1,0,0,0,0,0,0
26408021,0.0176328,-0.785243,-0.0237993,0.0,0.923848,0.0035922,-0.382667,-0.00762053,0.12,-1.0,1,0,0,0,0,0,0
26507775,0.0175746,-0.785244,-0.0237993,0.0,0.923848,0.00356533,-0.382667,-0.00763165,0.12,-1.0,1,0,0,0,0,0,0
26612744,0.0175129,-0.785245,-0.0237993,0.0,0.923848,0.00353683,-0.382667,-0.00764344,0.12,-1.0,1,0,0,0,0,0,0
26714631,0.0174514,-0.785246,-0.0237993,0.0,0.923848,0.00350841,-0.382667,-0.0076552,0.12,-1.0,1,0,0,0,0,0,0
26812147,0.0173945,-0.785247,-0.0237993,0.0,0.923848,0.00348209,-0.382668,-0.00766609,0.12,-1.0,1,0,0,0,0,0,0
26917096,0.0173354,-0.785248,-0.0237993,0.0,0.923848,0.00345482,-0.382668,-0.00767738,0.12,-1.0,1,0,0,0,0,0,0
