timestamp,ref_timestamp,ref_lat,ref_lon,x,y,z,delta_xy[0],delta_xy[1],delta_z,vx,vy,vz,z_deriv,delta_vxy[0],delta_vxy[1],delta_vz,ax,ay,az,yaw,ref_alt,dist_bottom,dist_bottom_rate,eph,epv,evh,evv,vxy_max,vz_max,hagl_min,hagl_max,xy_valid,z_valid,v_xy_valid,v_z_valid,xy_reset_counter,z_reset_counter,vxy_reset_counter,vz_reset_counter,xy_global,z_global,dist_bottom_valid
1457521,0,0.0,0.0,-2.19713e-06,3.64673e-06,-0.000478716,7.11887e-10,1.11495e-09,0.0,-1.47258e-05,2.10517e-05,-2.51973e-05,-0.000395684,1.42292e-07,2.22857e-07,0.0,7.17402e-05,0.000259906,-5.79061e-05,-0.000656103,0.0,0.10008,2.51973e-05,0.285223,0.462129,0.890055,0.725779,inf,inf,inf,inf,1,1,1,1,1,0,1,1,0,0,0
1557040,0,0.0,0.0,-3.76368e-06,5.84854e-06,-0.000480965,7.11887e-10,1.11495e-09,0.0,-1.93987e-05,2.89187e-05,-1.56109e-06,-0.000334515,1.42292e-07,2.22857e-07,0.0,1.92615e-05,6.7576e-06,-8.70152e-05,-0.000879924,0.0,0.1,1.56109e-06,0.268269,0.450737,0.702307,0.710487,inf,inf,inf,inf,1,1,1,1,1,0,1,1,0,0,0
1659535,0,0.0,0.0,-5.93124e-06,8.85197e-06,-0.000475158,7.11887e-10,1.11495e-09,0.0,-2.60401e-05,3.91796e-05,1.95366e-05,-0.000276474,1.42292e-07,2.22857e-07,0.0,-0.000137037,9.20474e-05,8.83409e-05,-0.00114098,0.0,0.100148,-1.95366e-05,0.248674,0.442439,0.577478,0.69132,inf,inf,inf,inf,1,1,1,1,1,0,1,1,0,0,0
1759533,0,0.0,0.0,-8.41054e-06,1.24623e-05,-0.000426129,7.11887e-10,1.11495e-09,0.0,-3.40532e-05,4.93925e-05,6.64129e-05,-0.000156096,1.42292e-07,2.22857e-07,0.0,-0.000115739,8.46139e-05,-4.15074e-05,-0.00142308,0.0,0.100187,-6.64129e-05,0.234922,0.440089,0.490654,0.669114,inf,inf,inf,inf,1,1,1,1,1,0,1,1,0,0,0
1864545,0,0.0,0.0,-1.14827e-05,1.67112e-05,-0.000320038,7.11887e-10,1.11495e-09,0.0,-4.33797e-05,5.86397e-05,0.000156264,4.85088e-05,1.42292e-07,2.22857e-07,0.0,-0.000181205,0.00021114,6.46133e-05,-0.00173838,0.0,0.100253,-0.000156264,0.229281,0.446834,0.430806,0.644898,inf,inf,inf,inf,1,1,1,1,1,0,1,1,0,0,0
1964558,0,0.0,0.0,-1.4948e-05,2.13024e-05,-0.000217804,7.11887e-10,1.11495e-09,0.0,-4.93361e-05,6.66315e-05,0.000224685,0.00020005,1.42292e-07,2.22857e-07,0.0,-6.10619e-05,3.19455e-05,-3.41633e-05,-0.00207449,0.0,0.100078,-0.000224685,0.216592,0.444049,0.386238,0.617854,inf,inf,inf,inf,1,1,1,1,1,0,1,1,0,0,0
2067002,0,0.0,0.0,-1.84259e-05,2.57211e-05,-0.000135213,7.11887e-10,1.11495e-09,0.0,-5.22635e-05,6.99326e-05,0.000262562,0.000282225,1.42292e-07,2.22857e-07,0.0,-4.31286e-05,9.83823e-05,-1.19162e-05,-0.00245921,0.0,0.10002,-0.000262562,0.210607,0.447763,0.358003,0.591036,inf,inf,inf,inf,1,1,1,1,1,0,1,1,0,0,0
2167066,0,0.0,0.0,-2.17187e-05,2.98197e-05,-0.000132802,7.11887e-10,1.11495e-09,0.0,-5.82284e-05,7.38871e-05,0.000224412,0.000204734,1.42292e-07,2.22857e-07,0.0,-0.0001854,0.000115043,2.00724e-05,-0.00290275,0.0,0.1,-0.000224412,0.20448,0.448571,0.33931,0.563983,inf,inf,inf,inf,1,1,1,1,1,0,1,1,0,0,0
2267067,0,0.0,0.0,-2.54816e-05,3.40797e-05,-0.000154473,7.11887e-10,1.11495e-09,0.0,-6.4543e-05,7.85691e-05,0.000173548,0.000106876,1.42292e-07,2.22857e-07,0.0,-0.000137202,-0.000167459,3.66987e-05,-0.00335138,0.0,0.1,-0.000173548,0.196273,0.443019,0.326064,0.536977,inf,inf,inf,inf,1,1,1,1,1,0,1,1,0,0,0
2369577,0,0.0,0.0,-2.95834e-05,3.83531e-05,-0.000164556,7.11887e-10,1.11495e-09,0.0,-7.21699e-05,8.22976e-05,0.000147718,6.06193e-05,1.42292e-07,2.22857e-07,0.0,-5.15968e-05,8.94416e-06,8.87862e-05,-0.00383278,0.0,0.1,-0.000147718,0.191316,0.43959,0.319747,0.511944,inf,inf,inf,inf,1,1,1,1,1,0,1,1,0,0,0
2469556,0,0.0,0.0,-3.38217e-05,4.17718e-05,-0.000176186,7.11887e-10,1.11495e-09,0.0,-8.04291e-05,8.06272e-05,0.000127552,2.46969e-05,1.42292e-07,2.22857e-07,0.0,-0.000156499,1.99898e-05,-8.03698e-05,-0.00437228,0.0,0.1,-0.000127552,0.187939,0.436435,0.317473,0.488341,inf,inf,inf,inf,1,1,1,1,1,0,1,1,0,0,0
2572117,0,0.0,0.0,-3.79835e-05,4.41724e-05,-0.000212315,7.11887e-10,1.11495e-09,0.0,-8.70204e-05,8.01799e-05,8.61444e-05,-4.74859e-05,1.42292e-07,2.22857e-07,0.0,-0.000184573,-5.10751e-05,3.7508e-05,-0.00492922,0.0,0.1,-8.61444e-05,0.182117,0.427273,0.314386,0.460087,inf,inf,inf,inf,1,1,1,1,1,0,1,1,0,0,0
2677070,0,0.0,0.0,-4.21211e-05,4.57232e-05,-0.000233404,7.11887e-10,1.11495e-09,0.0,-9.02881e-05,7.76076e-05,6.35461e-05,-7.67774e-05,1.42292e-07,2.22857e-07,0.0,4.10339e-06,7.12175e-05,-2.05169e-05,-0.00559147,0.0,0.100002,-6.35461e-05,0.183309,0.427062,0.319781,0.441576,inf,inf,inf,inf,1,1,1,1,1,0,1,1,0,0,0
2777072,0,0.0,0.0,-4.53573e-05,4.57701e-05,-0.000250229,7.11887e-10,1.11495e-09,0.0,-9.38741e-05,7.11374e-05,4.91828e-05,-9.01417e-05,1.42292e-07,2.22857e-07,0.0,-6.44931e-05,0.000105859,2.94606e-06,-0.00629263,0.0,0.1,-4.91828e-05,0.178785,0.416313,0.319561,0.419089,inf,inf,inf,inf,1,1,1,1,1,0,1,1,0,0,0
2879540,0,0.0,0.0,-4.84839e-05,4.49532e-05,-0.000269014,7.11887e-10,1.11495e-09,0.0,-9.519e-05,6.38338e-05,3.01225e-05,-0.000110385,1.42292e-07,2.22857e-07,0.0,-2.93823e-05,1.93294e-05,3.27367e-05,-0.00702461,0.0,0.1,-3.01225e-05,0.180407,0.414165,0.325289,0.405191,inf,inf,inf,inf,1,1,1,1,1,0,1,1,0,0,0
2979546,0,0.0,0.0,-5.09178e-05,4.31571e-05,-0.000297246,7.11887e-10,1.11495e-09,0.0,-9.51509e-05,5.86637e-05,7.58748e-06,-0.000142362,1.42292e-07,2.22857e-07,0.0,-4.00351e-05,-1.39889e-06,1.49221e-05,-0.00780725,0.0,0.1,-7.58748e-06,0.182948,0.412559,0.330417,0.392999,inf,inf,inf,inf,1,1,1,1,1,0,1,1,0,0,0
3082047,0,0.0,0.0,-5.31976e-05,4.13639e-05,-0.000309766,7.11887e-10,1.11495e-09,0.0,-9.08427e-05,5.18947e-05,-2.18151e-06,-0.000143602,1.42292e-07,2.22857e-07,0.0,5.95688e-06,4.5494e-06,1.41816e-05,-0.00864605,0.0,0.10006,2.18151e-06,0.182619,0.407095,0.331501,0.381717,inf,inf,inf,inf,1,1,1,1,1,0,1,1,0,0,0
3182015,0,0.0,0.0,-5.38172e-05,3.80308e-05,-0.000292005,7.11887e-10,1.11495e-09,0.0,-8.92246e-05,4.20436e-05,1.09219e-05,-9.2647e-05,1.42292e-07,2.22857e-07,0.0,8.91611e-06,-0.000165189,4.84094e-05,-0.00949758,0.0,0.100085,-1.09219e-05,0.185103,0.404921,0.334348,0.372968,inf,inf,inf,inf,1,1,1,1,1,0,1,1,0,0,0
3282060,0,0.0,0.0,-5.41882e-05,3.42118e-05,-0.000250067,7.11887e-10,1.11495e-09,0.0,-8.48633e-05,3.23083e-05,3.60468e-05,-1.42824e-05,1.42292e-07,2.22857e-07,0.0,-2.21729e-05,0.000114848,-3.41089e-05,-0.0103754,0.0,0.100138,-3.60468e-05,0.185222,0.400431,0.332974,0.364505,inf,inf,inf,inf,1,1,1,1,1,0,1,1,0,0,0
3384585,0,0.0,0.0,-5.30743e-05,2.90379e-05,-0.000185887,7.11887e-10,1.11495e-09,0.0,-8.05689e-05,2.18308e-05,7.67178e-05,9.06792e-05,1.42292e-07,2.22857e-07,0.0,0.000164541,-1.239e-05,-2.2316e-06,-0.0112775,0.0,0.100177,-7.67178e-05,0.181662,0.391374,0.325827,0.353933,inf,inf,inf,inf,1,1,1,1,1,0,1,1,0,0,0
3484532,0,0.0,0.0,-4.97791e-05,2.24683e-05,-0.000125667,7.11887e-10,1.11495e-09,0.0,-7.47065e-05,1.20175e-05,0.000106522,0.000165094,1.42292e-07,2.22857e-07,0.0,-0.000110583,-6.40625e-05,0.000115438,-0.0122863,0.0,0.100061,-0.000106522,0.186784,0.393104,0.327631,0.35022,inf,inf,inf,inf,1,1,1,1,1,0,1,1,0,0,0
3587065,0,0.0,0.0,-4.61251e-05,1.596e-05,-9.34281e-05,7.11887e-10,1.11495e-09,0.0,-6.82622e-05,4.65078e-06,0.000109153,0.000177447,1.42292e-07,2.22857e-07,0.0,3.83687e-05,-0.000104356,0.000105461,-0.0133528,0.0,0.100058,-0.000109153,0.183863,0.385896,0.320256,0.343742,inf,inf,inf,inf,1,1,1,1,1,0,1,1,0,0,0
3691852,0,0.0,0.0,-4.22441e-05,9.79296e-06,-6.08668e-05,7.11887e-10,1.11495e-09,0.0,-5.70734e-05,-4.06883e-06,0.000114518,0.00019183,1.42292e-07,2.22857e-07,0.0,5.7704e-05,-7.67963e-05,8.30669e-05,-0.0144718,0.0,0.100026,-0.000114518,0.185221,0.384448,0.318216,0.342375,inf,inf,inf,inf,1,1,1,1,1,0,1,1,0,0,0
3791538,0,0.0,0.0,-3.81886e-05,4.38001e-06,-7.11254e-05,7.11887e-10,1.11495e-09,0.0,-4.4093e-05,-1.01469e-05,8.98565e-05,0.000135541,1.42292e-07,2.22857e-07,0.0,-3.4676e-05,-5.47421e-05,-1.79424e-05,-0.0155492,0.0,0.1,-8.98565e-05,0.183617,0.380554,0.312645,0.340483,inf,inf,inf,inf,1,1,1,1,1,0,1,1,0,0,0
3894055,0,0.0,0.0,-3.19402e-05,-1.3673e-06,-8.93393e-05,7.11887e-10,1.11495e-09,0.0,-2.90534e-05,-1.96578e-05,6.09479e-05,7.50467e-05,1.42292e-07,2.22857e-07,0.0,9.47336e-05,-0.000146689,-5.33454e-05,-0.0167104,0.0,0.1,-6.09479e-05,0.183429,0.378452,0.305933,0.337491,inf,inf,inf,inf,1,1,1,1,1,0,1,1,0,0,0
3994068,0,0.0,0.0,-2.621e-05,-6.43259e-06,-0.000104736,7.11887e-10,1.11495e-09,0.0,-1.81141e-05,-2.72993e-05,3.74937e-05,3.20134e-05,1.42292e-07,2.22857e-07,0.0,2.59426e-05,5.54417e-05,-9.30578e-05,-0.0178264,0.0,0.1,-3.74937e-05,0.187872,0.382301,0.306761,0.340089,inf,inf,inf,inf,1,1,1,1,1,0,1,1,0,0,0
4094063,0,0.0,0.0,-2.02675e-05,-1.10035e-05,-9.83988e-05,7.11887e-10,1.11495e-09,0.0,-6.90443e-06,-3.08643e-05,3.37276e-05,3.49327e-05,1.42292e-07,2.22857e-07,0.0,-4.41016e-05,5.71806e-05,-2.2437e-05,-0.0188834,0.0,0.1,-3.37276e-05,0.184972,0.378767,0.29914,0.339,inf,inf,inf,inf,1,1,1,1,1,0,1,1,0,0,0
4196573,0,0.0,0.0,-1.33532e-05,-1.54184e-05,-0.000143681,7.11887e-10,1.11495e-09,0.0,6.27685e-06,-3.6054e-05,-9.16397e-06,-5.23894e-05,1.42292e-07,2.22857e-07,0.0,-2.75948e-05,4.598e-05,2.52461e-05,-0.019983,0.0,0.1,9.16397e-06,0.186907,0.380731,0.296025,0.339232,inf,inf,inf,inf,1,1,1,1,1,0,1,1,0,0,0
4298772,0,0.0,0.0,-6.15475e-06,-1.92005e-05,-0.000184446,7.11887e-10,1.11495e-09,0.0,1.72383e-05,-3.86983e-05,-4.35656e-05,-0.000114829,1.42292e-07,2.22857e-07,0.0,4.025e-05,-6.71157e-05,-2.68382e-05,-0.0211272,0.0,0.1,4.35656e-05,0.180678,0.374177,0.284606,0.335803,inf,inf,inf,inf,1,1,1,1,1,0,1,1,0,0,0
4398785,0,0.0,0.0,4.3158e-07,-2.23898e-05,-0.000224265,7.11887e-10,1.11495e-09,0.0,2.34154e-05,-4.06277e-05,-7.32264e-05,-0.000165146,1.42292e-07,2.22857e-07,0.0,-7.25434e-05,-4.79416e-05,-5.63414e-05,-0.0222205,0.0,0.1,7.32264e-05,0.17998,0.373821,0.279916,0.334906,inf,inf,inf,inf,1,1,1,1,1,0,1,1,0,0,0
4501335,0,0.0,0.0,6.90826e-06,-2.4965e-05,-0.000282988,7.11887e-10,1.11495e-09,0.0,2.98984e-05,-4.3397e-05,-0.000113867,-0.000237043,1.42292e-07,2.22857e-07,0.0,4.5582e-05,-5.41452e-05,3.94486e-05,-0.023322,0.0,0.1,0.000113867,0.180242,0.374782,0.276465,0.335011,inf,inf,inf,inf,1,1,1,1,1,0,1,1,0,0,0
4601321,0,0.0,0.0,1.25491e-05,-2.67018e-05,-0.000303673,7.11887e-10,1.11495e-09,0.0,3.30427e-05,-3.92141e-05,-0.000123809,-0.000234526,1.42292e-07,2.22857e-07,0.0,-6.95299e-05,9.60722e-05,1.78208e-05,-0.0243922,0.0,0.100043,0.000123809,0.17947,0.374663,0.272385,0.33499,inf,inf,inf,inf,1,1,1,1,1,0,1,1,0,0,0
4706331,0,0.0,0.0,1.75216e-05,-2.78021e-05,-0.000299093,7.11887e-10,1.11495e-09,0.0,3.69614e-05,-3.98053e-05,-0.000114408,-0.000189477,1.42292e-07,2.22857e-07,0.0,-6.32822e-06,-7.49602e-06,1.19162e-05,-0.0255354,0.0,0.100086,0.000114408,0.180319,0.376557,0.270367,0.33475,inf,inf,inf,inf,1,1,1,1,1,0,1,1,0,0,0
4803793,0,0.0,0.0,2.13057e-05,-2.82801e-05,-0.000293022,7.11887e-10,1.11495e-09,0.0,3.75382e-05,-3.73454e-05,-0.000108666,-0.000155665,1.42292e-07,2.22857e-07,0.0,6.93706e-05,-6.27525e-05,-5.16881e-05,-0.0265886,0.0,0.100013,0.000108666,0.177697,0.374436,0.265146,0.333056,inf,inf,inf,inf,1,1,1,1,1,0,1,1,0,0,0
4906335,0,0.0,0.0,2.41678e-05,-2.81346e-05,-0.000296579,7.11887e-10,1.11495e-09,0.0,3.53372e-05,-3.65403e-05,-0.000112211,-0.000143571,1.42292e-07,2.22857e-07,0.0,5.32068e-05,3.93813e-05,-0.000188575,-0.0276262,0.0,0.100089,0.000112211,0.177858,0.375625,0.263068,0.332209,inf,inf,inf,inf,1,1,1,1,1,0,1,1,0,0,0
5008798,0,0.0,0.0,0.0,0.0,-0.000306658,7.11887e-10,1.11495e-09,0.0,3.61666e-05,-3.77846e-05,-0.000119526,-0.000144937,1.42292e-07,2.22857e-07,0.0,3.13417e-05,-4.54454e-05,5.12655e-05,-0.0286662,0.0,0.100032,0.000119526,0.178767,0.37759,0.262252,0.331188,inf,inf,inf,inf,0,1,0,1,1,0,1,1,0,0,0
5111298,0,0.0,0.0,0.0,0.0,-0.000334062,7.11887e-10,1.11495e-09,0.0,3.73408e-05,-3.98033e-05,-0.00013592,-0.000172806,1.42292e-07,2.22857e-07,0.0,5.30337e-05,-0.000138224,1.57059e-05,-0.0296886,0.0,0.1,0.00013592,0.175889,0.374863,0.257508,0.328749,inf,inf,inf,inf,0,1,0,1,1,0,1,1,0,0,0
5212917,0,0.0,0.0,0.0,0.0,-0.000379687,7.11887e-10,1.11495e-09,0.0,3.77761e-05,-4.20226e-05,-0.000164776,-0.000225128,1.42292e-07,2.22857e-07,0.0,8.32607e-05,-0.000130753,1.61395e-05,-0.030682,0.0,0.100014,0.000164776,0.176256,0.376052,0.25649,0.327101,inf,inf,inf,inf,0,1,0,1,1,0,1,1,0,0,0
5315558,0,0.0,0.0,0.0,0.0,-0.000394051,7.11887e-10,1.11495e-09,0.0,3.41033e-05,-4.25117e-05,-0.000164043,-0.000210871,1.42292e-07,2.22857e-07,0.0,-3.02217e-05,-0.000117956,0.00020781,-0.031676,0.0,0.100086,0.000164043,0.176508,0.376954,0.255489,0.325168,inf,inf,inf,inf,0,1,0,1,1,0,1,1,0,0,0
5415409,0,0.0,0.0,0.0,0.0,-0.000379848,7.11887e-10,1.11495e-09,0.0,3.44974e-05,-4.86069e-05,-0.000145493,-0.000153959,1.42292e-07,2.22857e-07,0.0,2.91377e-05,-0.000160554,2.14821e-05,-0.0325524,0.0,0.10015,0.000145493,0.172272,0.372126,0.250351,0.319228,inf,inf,inf,inf,0,1,0,1,1,0,1,1,0,0,0
5515435,0,0.0,0.0,0.0,0.0,-0.000343781,7.11887e-10,1.11495e-09,0.0,3.4718e-05,-5.20113e-05,-0.000111076,-6.84036e-05,1.42292e-07,2.22857e-07,0.0,0.000304847,-0.00010278,8.16194e-05,-0.0334314,0.0,0.100168,0.000111076,0.175611,0.376498,0.252548,0.319622,inf,inf,inf,inf,0,1,0,1,1,0,1,1,0,0,0
5620474,0,0.0,0.0,0.0,0.0,-0.000318933,7.11887e-10,1.11495e-09,0.0,3.47189e-05,-5.6723e-05,-9.19349e-05,-2.13833e-05,1.42292e-07,2.22857e-07,0.0,6.15401e-06,-6.06106e-05,-1.86488e-05,-0.0343444,0.0,0.100034,9.19349e-05,0.171472,0.371477,0.247664,0.31319,inf,inf,inf,inf,0,1,0,1,1,0,1,1,0,0,0
5720036,0,0.0,0.0,0.0,0.0,-0.000314216,7.11887e-10,1.11495e-09,0.0,3.56093e-05,-6.07184e-05,-8.47046e-05,-1.11893e-05,1.42292e-07,2.22857e-07,0.0,0.00010254,3.68397e-06,7.56028e-05,-0.0351966,0.0,0.100063,8.47046e-05,0.171499,0.371517,0.246561,0.31026,inf,inf,inf,inf,0,1,0,1,1,0,1,1,0,0,0
5820120,0,0.0,0.0,0.0,0.0,-0.000324083,7.11887e-10,1.11495e-09,0.0,3.68205e-05,-6.40291e-05,-8.75777e-05,-2.55419e-05,1.42292e-07,2.22857e-07,0.0,0.000110109,-7.05591e-06,-4.34629e-05,-0.0359832,0.0,0.10002,8.75777e-05,0.174894,0.375581,0.248759,0.31002,inf,inf,inf,inf,0,1,0,1,1,0,1,1,0,0,0
5925002,0,0.0,0.0,0.0,0.0,-0.00031501,7.11887e-10,1.11495e-09,0.0,3.63287e-05,-6.04155e-05,-7.18308e-05,-5.47679e-07,1.42292e-07,2.22857e-07,0.0,-5.77592e-05,4.47729e-07,0.000124375,-0.036797,0.0,0.100087,7.18308e-05,0.170516,0.369792,0.243504,0.303145,inf,inf,inf,inf,0,1,0,1,1,0,1,1,0,0,0
6022523,0,0.0,0.0,0.0,0.0,-0.000286349,7.11887e-10,1.11495e-09,0.0,3.37845e-05,-5.48312e-05,-4.61793e-05,5.09758e-05,1.42292e-07,2.22857e-07,0.0,9.41947e-05,-4.47474e-05,-4.76456e-05,-0.0375352,0.0,0.100131,4.61793e-05,0.17054,0.3693,0.242981,0.299095,inf,inf,inf,inf,0,1,0,1,1,0,1,1,0,0,0
6127523,0,0.0,0.0,0.0,0.0,-0.00023696,7.11887e-10,1.11495e-09,0.0,3.3424e-05,-4.68149e-05,-3.14719e-06,0.000131126,1.42292e-07,2.22857e-07,0.0,-6.69318e-05,-9.74355e-05,8.89287e-05,-0.0382835,0.0,0.100114,3.14719e-06,0.172674,0.371243,0.243756,0.296622,inf,inf,inf,inf,0,1,0,1,1,0,1,1,0,0,0
6227516,0,0.0,0.0,0.0,0.0,-0.000188798,7.11887e-10,1.11495e-09,0.0,2.99458e-05,-4.24827e-05,3.32829e-05,0.000196586,1.42292e-07,2.22857e-07,0.0,6.49237e-05,-1.37886e-05,0.000194893,-0.0389705,0.0,0.100095,-3.32829e-05,0.171716,0.369366,0.241611,0.29236,inf,inf,inf,inf,0,1,0,1,1,0,1,1,0,0,0
6327594,0,0.0,0.0,0.0,0.0,-0.00013776,7.11887e-10,1.11495e-09,0.0,2.267e-05,-3.35401e-05,7.21317e-05,0.000259805,1.42292e-07,2.22857e-07,0.0,-4.65223e-05,-0.000113258,0.000142321,-0.0396289,0.0,0.100117,-7.21317e-05,0.171162,0.367986,0.239945,0.287993,inf,inf,inf,inf,0,1,0,1,1,0,1,1,0,0,0
6430045,0,0.0,0.0,0.0,0.0,-7.354e-05,7.11887e-10,1.11495e-09,0.0,1.68465e-05,-2.98478e-05,0.000115087,0.000327469,1.42292e-07,2.22857e-07,0.0,-6.95075e-06,-0.000106157,0.000110925,-0.0402658,0.0,0.100052,-0.000115087,0.168553,0.363894,0.235792,0.281685,inf,inf,inf,inf,0,1,0,1,1,0,1,1,0,0,0
6529745,0,0.0,0.0,0.0,0.0,-1.96958e-05,7.11887e-10,1.11495e-09,0.0,1.46799e-05,-2.5541e-05,0.000147076,0.000372464,1.42292e-07,2.22857e-07,0.0,9.50455e-05,1.79726e-05,0.000140661,-0.0408329,0.0,0.100076,-0.000147076,0.172433,0.36786,0.237991,0.280548,inf,inf,inf,inf,0,1,0,1,1,0,1,1,0,0,0
6634732,0,0.0,0.0,0.0,0.0,5.05685e-05,7.11887e-10,1.11495e-09,0.0,1.23613e-05,-2.09345e-05,0.000193979,0.000440379,1.42292e-07,2.22857e-07,0.0,9.603e-05,-6.32381e-05,0.000143944,-0.0414595,0.0,0.100051,-0.000193979,0.172662,0.367319,0.236343,0.276686,inf,inf,inf,inf,0,1,0,1,1,0,1,1,0,0,0
6734745,0,0.0,0.0,0.0,0.0,0.000137434,7.11887e-10,1.11495e-09,0.0,9.32818e-06,-1.83729e-05,0.000245798,0.000525669,1.42292e-07,2.22857e-07,0.0,-6.9633e-05,5.41564e-05,0.000117749,-0.0420153,0.0,0.100113,-0.000245798,0.172173,0.365929,0.234414,0.272044,inf,inf,inf,inf,0,1,0,1,1,0,1,1,0,0,0
6837207,0,0.0,0.0,0.0,0.0,0.000189817,7.11887e-10,1.11495e-09,0.0,7.85855e-06,-1.58064e-05,0.000268282,0.000532575,1.42292e-07,2.22857e-07,0.0,-2.72511e-05,6.78375e-06,2.9922e-05,-0.0425625,0.0,0.1,-0.000268282,0.167845,0.35977,0.227585,0.26562,inf,inf,inf,inf,0,1,0,1,1,0,1,1,0,0,0
6937238,0,0.0,0.0,0.0,0.0,0.000241673,7.11887e-10,1.11495e-09,0.0,9.80402e-06,-1.36448e-05,0.000294165,0.000549249,1.42292e-07,2.22857e-07,0.0,-4.32375e-05,3.56237e-05,0.000165419,-0.0430698,0.0,0.1,-0.000294165,0.16744,0.358439,0.225708,0.261091,inf,inf,inf,inf,0,1,0,1,1,0,1,1,0,0,0
7037049,0,0.0,0.0,0.0,0.0,0.000281238,7.11887e-10,1.11495e-09,0.0,1.07764e-05,-1.31053e-05,0.000312592,0.000545192,1.42292e-07,2.22857e-07,0.0,3.3822e-05,-4.80171e-05,0.000309944,-0.0435681,0.0,0.1,-0.000312592,0.170955,0.361819,0.22714,0.259607,inf,inf,inf,inf,0,1,0,1,1,0,1,1,0,0,0
7138528,0,0.0,0.0,0.0,0.0,0.000267975,7.11887e-10,1.11495e-09,0.0,1.39168e-05,-1.53957e-05,0.000298092,0.000456914,1.42292e-07,2.22857e-07,0.0,4.59747e-05,-4.5487e-05,0.000225864,-0.0440409,0.0,0.1,-0.000298092,0.166537,0.355592,0.220915,0.252737,inf,inf,inf,inf,0,1,0,1,1,0,1,1,0,0,0
7243518,0,0.0,0.0,0.0,0.0,0.000276735,7.11887e-10,1.11495e-09,0.0,1.53832e-05,-1.53647e-05,0.000299821,0.000417667,1.42292e-07,2.22857e-07,0.0,-5.25664e-05,-6.85418e-05,8.0757e-05,-0.0444923,0.0,0.1,-0.000299821,0.166342,0.354416,0.21843,0.248899,inf,inf,inf,inf,0,1,0,1,1,0,1,1,0,0,0
7345983,0,0.0,0.0,0.0,0.0,0.000286404,7.11887e-10,1.11495e-09,0.0,1.22841e-05,-1.81359e-05,0.000300284,0.000383622,1.42292e-07,2.22857e-07,0.0,-3.69108e-05,-8.41888e-05,0.000105798,-0.0449251,0.0,0.1,-0.000300284,0.16678,0.353962,0.216794,0.245113,inf,inf,inf,inf,0,1,0,1,1,0,1,1,0,0,0
7443564,0,0.0,0.0,0.0,0.0,0.000257335,7.11887e-10,1.11495e-09,0.0,1.03114e-05,-2.08448e-05,0.000277295,0.000296186,1.42292e-07,2.22857e-07,0.0,-6.24852e-05,-8.58666e-05,6.73156e-05,-0.0453231,0.0,0.1,-0.000277295,0.165307,0.351361,0.213375,0.240783,inf,inf,inf,inf,0,1,0,1,1,0,1,1,0,0,0
7548493,0,0.0,0.0,0.0,0.0,0.000239085,7.11887e-10,1.11495e-09,0.0,8.93133e-06,-2.34721e-05,0.000262218,0.000235935,1.42292e-07,2.22857e-07,0.0,-4.80801e-06,-1.38297e-05,0.000113772,-0.0457263,0.0,0.1,-0.000262218,0.165215,0.350291,0.21103,0.23707,inf,inf,inf,inf,0,1,0,1,1,0,1,1,0,0,0
7648514,0,0.0,0.0,0.0,0.0,0.000243773,7.11887e-10,1.11495e-09,0.0,5.43312e-06,-2.642e-05,0.00026345,0.000221715,1.42292e-07,2.22857e-07,0.0,8.28174e-05,-3.70975e-05,0.000152432,-0.0460969,0.0,0.1,-0.00026345,0.165167,0.349237,0.20947,0.232955,inf,inf,inf,inf,0,1,0,1,1,0,1,1,0,0,0
7751008,0,0.0,0.0,0.0,0.0,0.000264272,7.11887e-10,1.11495e-09,0.0,2.43144e-06,-3.13062e-05,0.000271059,0.000231246,1.42292e-07,2.22857e-07,0.0,-1.97152e-06,-3.34214e-05,7.70647e-05,-0.0464308,0.0,0.100013,-0.000271059,0.164584,0.347586,0.206467,0.229344,inf,inf,inf,inf,0,1,0,1,1,0,1,1,0,0,0
7848533,0,0.0,0.0,0.0,0.0,0.000286749,7.11887e-10,1.11495e-09,0.0,8.36093e-07,-3.95156e-05,0.00028195,0.000243491,1.42292e-07,2.22857e-07,0.0,-3.76914e-05,-0.000127544,6.64967e-05,-0.0467351,0.0,0.1,-0.00028195,0.165281,0.347363,0.205117,0.225824,inf,inf,inf,inf,0,1,0,1,1,0,1,1,0,0,0
7951054,0,0.0,0.0,0.0,0.0,0.000263848,7.11887e-10,1.11495e-09,0.0,-3.87419e-06,-4.49276e-05,0.000261545,0.000177565,1.42292e-07,2.22857e-07,0.0,4.43081e-05,-0.000228864,-3.38395e-05,-0.0470562,0.0,0.1,-0.000261545,0.165487,0.346621,0.203173,0.222345,inf,inf,inf,inf,0,1,0,1,1,0,1,1,0,0,0
8055600,0,0.0,0.0,0.0,0.0,0.000223184,7.11887e-10,1.11495e-09,0.0,-1.0327e-05,-5.03467e-05,0.000232726,9.32535e-05,1.42292e-07,2.22857e-07,0.0,-7.57375e-05,-1.86952e-05,3.58129e-05,-0.0473645,0.0,0.1,-0.000232726,0.164009,0.343999,0.199826,0.218477,inf,inf,inf,inf,0,1,0,1,1,0,1,1,0,0,0
8155573,0,0.0,0.0,0.0,0.0,0.000189057,7.11887e-10,1.11495e-09,0.0,-1.55984e-05,-5.91465e-05,0.000208253,3.28152e-05,1.42292e-07,2.22857e-07,0.0,2.16588e-06,-3.67266e-05,-1.11848e-05,-0.0476454,0.0,0.1,-0.000208253,0.163811,0.342803,0.197459,0.215153,inf,inf,inf,inf,0,1,0,1,1,0,1,1,0,0,0
8258167,0,0.0,0.0,0.0,0.0,0.000172053,7.11887e-10,1.11495e-09,0.0,-2.22143e-05,-7.04929e-05,0.000194293,6.37936e-06,1.42292e-07,2.22857e-07,0.0,-0.000119712,-8.86363e-05,-1.47829e-05,-0.0479253,0.0,0.1,-0.000194293,0.160031,0.33745,0.192251,0.20967,inf,inf,inf,inf,0,1,0,1,1,0,1,1,0,0,0
8358125,0,0.0,0.0,0.0,0.0,0.000185401,7.11887e-10,1.11495e-09,0.0,-2.98185e-05,-8.04144e-05,0.000194207,2.58342e-05,1.42292e-07,2.22857e-07,0.0,2.20869e-05,-0.000147324,8.092e-05,-0.0481848,0.0,0.1,-0.000194207,0.159335,0.335782,0.189373,0.206476,inf,inf,inf,inf,0,1,0,1,1,0,1,1,0,0,0
8458158,0,0.0,0.0,0.0,0.0,0.000198041,7.11887e-10,1.11495e-09,0.0,-3.56924e-05,-9.13149e-05,0.000194491,3.94488e-05,1.42292e-07,2.22857e-07,0.0,-0.000139794,-0.000193422,-6.70228e-05,-0.0484307,0.0,0.1,-0.000194491,0.162022,0.338009,0.189735,0.205074,inf,inf,inf,inf,0,1,0,1,1,0,1,1,0,0,0
8563119,0,0.0,0.0,0.0,0.0,0.000213391,7.11887e-10,1.11495e-09,0.0,-4.21227e-05,-9.95225e-05,0.000194079,5.30738e-05,1.42292e-07,2.22857e-07,0.0,-3.27751e-05,-0.000136317,-2.89646e-05,-0.0486964,0.0,0.1,-0.000194079,0.161373,0.336367,0.187021,0.202006,inf,inf,inf,inf,0,1,0,1,1,0,1,1,0,0,0
8662881,0,0.0,0.0,0.0,0.0,0.000221394,7.11887e-10,1.11495e-09,0.0,-5.53633e-05,-0.000104017,0.000184393,4.79475e-05,1.42292e-07,2.22857e-07,0.0,-0.000257259,-0.000118064,-1.04664e-05,-0.0489466,0.0,0.1,-0.000184393,0.156977,0.33048,0.18194,0.196631,inf,inf,inf,inf,0,1,0,1,1,0,1,1,0,0,0
8765351,0,0.0,0.0,0.0,0.0,0.000222508,7.11887e-10,1.11495e-09,0.0,-6.42352e-05,-0.000104881,0.000174107,3.86279e-05,1.42292e-07,2.22857e-07,0.0,-3.8317e-05,-0.000142589,-5.83461e-05,-0.0491493,0.0,0.1,-0.000174107,0.15864,0.33132,0.181454,0.194172,inf,inf,inf,inf,0,1,0,1,1,0,1,1,0,0,0
8867941,0,0.0,0.0,0.0,0.0,0.00022347,7.11887e-10,1.11495e-09,0.0,-7.37317e-05,-0.000106229,0.000161069,2.42411e-05,1.42292e-07,2.22857e-07,0.0,-8.8274e-05,-0.000156622,-0.000139959,-0.0493278,0.0,0.1,-0.000161069,0.157249,0.328881,0.17857,0.190995,inf,inf,inf,inf,0,1,0,1,1,0,1,1,0,0,0
8967637,0,0.0,0.0,0.0,0.0,0.000188193,7.11887e-10,1.11495e-09,0.0,-8.22472e-05,-0.000105476,0.000130519,-3.95859e-05,1.42292e-07,2.22857e-07,0.0,-8.50037e-05,-6.97744e-05,4.85332e-05,-0.0495059,0.0,0.1,-0.000130519,0.156292,0.326924,0.175687,0.188236,inf,inf,inf,inf,0,1,0,1,1,0,1,1,0,0,0
9070070,0,0.0,0.0,0.0,0.0,0.000186163,7.11887e-10,1.11495e-09,0.0,-8.97809e-05,-0.000108991,0.000118968,-4.59289e-05,1.42292e-07,2.22857e-07,0.0,-6.07494e-05,-6.21971e-05,-0.000142851,-0.0497117,0.0,0.100013,-0.000118968,0.155189,0.324906,0.173247,0.18518,inf,inf,inf,inf,0,1,0,1,1,0,1,1,0,0,0
9172532,0,0.0,0.0,0.0,0.0,0.000203928,7.11887e-10,1.11495e-09,0.0,-9.23892e-05,-0.000114164,0.000115274,-2.32642e-05,1.42292e-07,2.22857e-07,0.0,0.000167987,-0.000118883,-7.11648e-05,-0.0498953,0.0,0.100016,-0.000115274,0.155579,0.324448,0.172012,0.182576,inf,inf,inf,inf,0,1,0,1,1,0,1,1,0,0,0
9272526,0,0.0,0.0,0.0,0.0,0.000240982,7.11887e-10,1.11495e-09,0.0,-0.000100576,-0.000116779,0.000120998,2.49676e-05,1.42292e-07,2.22857e-07,0.0,-0.000209309,-0.000209078,-0.000232831,-0.0500574,0.0,0.10008,-0.000120998,0.155358,0.323293,0.170126,0.180036,inf,inf,inf,inf,0,1,0,1,1,0,1,1,0,0,0
9374885,0,0.0,0.0,0.0,0.0,0.000251781,7.11887e-10,1.11495e-09,0.0,-0.000109858,-0.000119697,0.000112431,2.6541e-05,1.42292e-07,2.22857e-07,0.0,-0.000259536,-7.58382e-05,9.41598e-05,-0.0501902,0.0,0.1,-0.000112431,0.155785,0.322855,0.168983,0.177559,inf,inf,inf,inf,0,1,0,1,1,0,1,1,0,0,0
9477395,0,0.0,0.0,0.0,0.0,0.000265157,7.11887e-10,1.11495e-09,0.0,-0.000119535,-0.000122598,0.000101439,2.71611e-05,1.42292e-07,2.22857e-07,0.0,-0.000149358,-0.000201922,-0.000155406,-0.0503362,0.0,0.10001,-0.000101439,0.15341,0.319447,0.16532,0.174775,inf,inf,inf,inf,0,1,0,1,1,0,1,1,0,0,0
9574907,0,0.0,0.0,0.0,0.0,0.000254462,7.11887e-10,1.11495e-09,0.0,-0.00012685,-0.000124283,7.81378e-05,-7.76871e-06,1.42292e-07,2.22857e-07,0.0,2.28109e-05,-8.98763e-05,-9.06824e-05,-0.0504988,0.0,0.1,-7.81378e-05,0.152768,0.317921,0.163611,0.172121,inf,inf,inf,inf,0,1,0,1,1,0,1,1,0,0,0
9679831,0,0.0,0.0,0.0,0.0,0.00020924,7.11887e-10,1.11495e-09,0.0,-0.000133138,-0.000125172,4.21629e-05,-8.37347e-05,1.42292e-07,2.22857e-07,0.0,-7.85332e-05,-7.96732e-05,-3.74251e-06,-0.0506555,0.0,0.1,-4.21629e-05,0.153226,0.317528,0.162639,0.169847,inf,inf,inf,inf,0,1,0,1,1,0,1,1,0,0,0
9779861,0,0.0,0.0,0.0,0.0,0.000188211,7.11887e-10,1.11495e-09,0.0,-0.000135433,-0.0001243,1.50078e-05,-0.000117263,1.42292e-07,2.22857e-07,0.0,-8.12082e-05,-0.000199455,3.06209e-05,-0.0507706,0.0,0.1,-1.50078e-05,0.15331,0.316739,0.161292,0.16761,inf,inf,inf,inf,0,1,0,1,1,0,1,1,0,0,0
9879913,0,0.0,0.0,0.0,0.0,0.000149547,7.11887e-10,1.11495e-09,0.0,-0.000135982,-0.000123793,-1.72879e-05,-0.000171414,1.42292e-07,2.22857e-07,0.0,-0.000108499,-0.000157261,-0.000154073,-0.0508852,0.0,0.1,1.72879e-05,0.151352,0.313836,0.158276,0.165091,inf,inf,inf,inf,0,1,0,1,1,0,1,1,0,0,0
9984888,0,0.0,0.0,0.0,0.0,0.000102128,7.11887e-10,1.11495e-09,0.0,-0.000137026,-0.00012359,-5.49821e-05,-0.000230495,1.42292e-07,2.22857e-07,0.0,-0.00015272,-0.000166617,-9.95507e-05,-0.0510179,0.0,0.1,5.49821e-05,0.14927,0.310627,0.155412,0.161814,inf,inf,inf,inf,0,1,0,1,1,0,1,1,0,0,0
10082389,0,0.0,0.0,0.0,0.0,5.49075e-05,7.11887e-10,1.11495e-09,0.0,-0.000135694,-0.000125522,-9.2079e-05,-0.000285561,1.42292e-07,2.22857e-07,0.0,9.85778e-05,-1.39295e-05,-0.000121028,-0.0511158,0.0,0.1,9.2079e-05,0.148401,0.308876,0.153654,0.159506,inf,inf,inf,inf,0,1,0,1,1,0,1,1,0,0,0
10184869,0,0.0,0.0,0.0,0.0,-1.33815e-05,7.11887e-10,1.11495e-09,0.0,-0.000132807,-0.000124796,-0.000139191,-0.000362533,1.42292e-07,2.22857e-07,0.0,-3.26281e-05,-9.87148e-05,-0.000183882,-0.0512354,0.0,0.1,0.000139191,0.148166,0.307816,0.15218,0.157502,inf,inf,inf,inf,0,1,0,1,1,0,1,1,0,0,0
10287368,10217444,47.3977419,8.545594,-4.21613e-05,-3.41254e-05,-5.23262e-05,5.11069e-05,5.06018e-05,0.0,-2.16061e-05,-3.03483e-05,1.08715e-05,-0.000385021,0.000103872,9.81429e-05,0.000187054,-2.22364e-05,-1.39333e-05,-0.000206753,-0.0512448,487.999,0.1,-1.08715e-05,0.363803,0.304843,0.0050616,0.0035193,inf,inf,inf,inf,1,1,1,1,2,0,2,2,1,1,0
10387372,10217444,47.3977419,8.545594,-3.12251e-05,-2.42602e-05,-8.9808e-05,5.11069e-05,5.06018e-05,0.0,-1.63803e-05,-2.44177e-05,-3.12005e-05,-0.00036884,0.000103872,9.81429e-05,0.000187054,-4.24675e-06,-9.13472e-05,-0.000295788,-0.0508298,487.999,0.1,3.12005e-05,0.3235,0.291712,0.0180752,0.0114082,inf,inf,inf,inf,1,1,1,1,2,0,2,2,1,1,0
10489881,10217444,47.3977419,8.545594,0.000160196,-1.41727e-05,-0.000138605,5.11069e-05,5.06018e-05,0.0,-1.5052e-05,-1.74301e-05,-6.8697e-05,-0.000380338,0.000103872,9.81429e-05,0.000187054,5.2119e-06,-0.000105324,-0.000282952,-0.0500681,487.999,0.1,6.8697e-05,0.294186,0.280374,0.0283545,0.0164984,inf,inf,inf,inf,1,1,1,1,2,0,2,2,1,1,0
10592357,10217444,47.3977419,8.545594,0.000721278,-0.000110472,-0.000176926,5.11069e-05,5.06018e-05,0.0,-1.52361e-05,-5.89616e-06,-0.000106513,-0.000394207,0.000103872,9.81429e-05,0.000187054,-8.01666e-05,1.99846e-05,-0.000315502,-0.0489674,487.999,0.1,0.000106513,0.271649,0.270439,0.0370865,0.0203547,inf,inf,inf,inf,1,1,1,1,2,0,2,2,1,1,0
10694888,10217444,47.3977419,8.545594,0.00105061,-0.000537814,-0.000191684,5.11069e-05,5.06018e-05,0.0,-1.68755e-05,1.63786e-05,-0.000153737,-0.000394256,0.000103872,9.81429e-05,0.000187054,-9.88439e-05,3.86813e-05,-0.000399617,-0.0476628,487.999,0.100078,0.000153737,0.253668,0.261771,0.0468263,0.024302,inf,inf,inf,inf,1,1,1,1,2,0,2,2,1,1,0
10794835,10217444,47.3977419,8.545594,0.00119859,-0.00111739,-0.000202153,5.11069e-05,5.06018e-05,0.0,-1.90406e-05,4.38054e-05,-0.000204119,-0.000398101,0.000103872,9.81429e-05,0.000187054,-5.98049e-05,0.000177239,-0.000295861,-0.0464309,487.999,0.100075,0.000204119,0.23895,0.254141,0.0565449,0.0279755,inf,inf,inf,inf,1,1,1,1,2,0,2,2,1,1,0
10894848,10217444,47.3977419,8.545594,0.00135053,-0.00159359,-0.000224781,5.11069e-05,5.06018e-05,0.0,-2.10854e-05,7.53813e-05,-0.000265414,-0.000428516,0.000103872,9.81429e-05,0.000187054,-3.98682e-05,0.000224759,-0.000357515,-0.0451735,487.999,0.100077,0.000265414,0.226658,0.247287,0.0651792,0.0311148,inf,inf,inf,inf,1,1,1,1,2,0,2,2,1,1,0
10999906,10217444,47.3977419,8.545594,0.0016911,-0.00184953,-0.00026258,5.11069e-05,5.06018e-05,0.0,-2.56153e-05,0.000119959,-0.000337753,-0.000478836,0.000103872,9.81429e-05,0.000187054,-0.00012989,0.00019739,-0.000398612,-0.0438658,487.999,0.100034,0.000337753,0.216357,0.241309,0.0748525,0.0344488,inf,inf,inf,inf,1,1,1,1,2,0,2,2,1,1,0
11097422,10217444,47.3977419,8.545594,0.00185049,-0.00202214,-0.00031987,5.11069e-05,5.06018e-05,0.0,-2.94627e-05,0.000166322,-0.000422301,-0.00055739,0.000103872,9.81429e-05,0.000187054,3.68469e-05,0.000247576,-0.000351401,-0.0427441,487.999,0.10005,0.000422301,0.207665,0.235974,0.0840692,0.0375987,inf,inf,inf,inf,1,1,1,1,2,0,2,2,1,1,0
11202175,10217444,47.3977419,8.545594,0.00189191,-0.00219477,-0.000388652,5.11069e-05,5.06018e-05,0.0,-3.76395e-05,0.00021537,-0.000510898,-0.000641912,0.000103872,9.81429e-05,0.000187054,-8.95128e-05,0.000391218,-0.000253401,-0.0416126,487.999,0.100059,0.000510898,0.200308,0.231151,0.0927892,0.0404164,inf,inf,inf,inf,1,1,1,1,2,0,2,2,1,1,0
11299699,10217444,47.3977419,8.545594,0.00197261,-0.0022458,-0.000470113,5.11069e-05,5.06018e-05,0.0,-4.02383e-05,0.000273047,-0.000614019,-0.000744845,0.000103872,9.81429e-05,0.000187054,-0.00018305,0.000435457,-0.000364148,-0.0405857,487.999,0.100064,0.000614019,0.1943,0.226994,0.102035,0.0434107,inf,inf,inf,inf,1,1,1,1,2,0,2,2,1,1,0
11402196,10217444,47.3977419,8.545594,0.00216158,-0.00228083,-0.000571415,5.11069e-05,5.06018e-05,0.0,-3.1538e-05,0.00033581,-0.000730654,-0.000865104,0.000103872,9.81429e-05,0.000187054,-6.12097e-05,0.000419021,-0.000226407,-0.0394073,487.999,0.100092,0.000730654,0.18948,0.223326,0.110946,0.0462701,inf,inf,inf,inf,1,1,1,1,2,0,2,2,1,1,0
11507192,10217444,47.3977419,8.545594,0.00222963,-0.00241541,-0.000679646,5.11069e-05,5.06018e-05,0.0,-3.25756e-05,0.000386747,-0.000856353,-0.000985691,0.000103872,9.81429e-05,0.000187054,-5.3438e-05,0.000688489,-0.00022386,-0.0383484,487.999,0.100108,0.000856353,0.185609,0.220007,0.118796,0.0490003,inf,inf,inf,inf,1,1,1,1,2,0,2,2,1,1,0
11604672,10217444,47.3977419,8.545594,0.0022234,-0.00258834,-0.00079542,5.11069e-05,5.06018e-05,0.0,-4.01031e-05,0.000426402,-0.000979649,-0.00110656,0.000103872,9.81429e-05,0.000187054,-9.04156e-05,0.000552616,-0.000257616,-0.0374515,487.999,0.10012,0.000979649,0.182617,0.217025,0.126248,0.0514858,inf,inf,inf,inf,1,1,1,1,2,0,2,2,1,1,0
11709665,10217444,47.3977419,8.545594,0.00227259,-0.00281866,-0.000940087,5.11069e-05,5.06018e-05,0.0,-3.77196e-05,0.000450096,-0.00112705,-0.00125417,0.000103872,9.81429e-05,0.000187054,-0.000171928,0.000785306,-0.000458956,-0.036387,487.999,0.100119,0.00112705,0.180748,0.214533,0.133544,0.0540939,inf,inf,inf,inf,1,1,1,1,2,0,2,2,1,1,0
11807170,10217444,47.3977419,8.545594,0.00248292,-0.00298252,-0.00110298,5.11069e-05,5.06018e-05,0.0,1.16601e-05,0.000472813,-0.00126909,-0.00140862,0.000103872,9.81429e-05,0.000187054,-9.04714e-05,0.000700964,-0.000486262,-0.0354929,487.999,0.100139,0.00126909,0.179314,0.21217,0.139517,0.056388,inf,inf,inf,inf,1,1,1,1,2,0,2,2,1,1,0
11909798,10217444,47.3977419,8.545594,0.00284902,-0.00308754,-0.00129034,5.11069e-05,5.06018e-05,0.0,0.000111816,0.00050306,-0.001426,-0.00157497,0.000103872,9.81429e-05,0.000187054,1.66009e-05,0.000710412,-0.000205172,-0.0345713,487.999,0.100164,0.001426,0.179201,0.210413,0.145965,0.0588747,inf,inf,inf,inf,1,1,1,1,2,0,2,2,1,1,0
12012145,10217444,47.3977419,8.545594,0.00318149,-0.00325038,-0.00149623,5.11069e-05,5.06018e-05,0.0,0.000212258,0.000506132,-0.00159026,-0.00174759,0.000103872,9.81429e-05,0.000187054,4.27215e-05,0.000594407,-0.000157122,-0.0336934,487.999,0.100169,0.00159026,0.179847,0.207832,0.151741,0.0611748,inf,inf,inf,inf,1,1,1,1,2,0,2,2,1,1,0
12112168,10217444,47.3977419,8.545594,0.00347306,-0.00344413,-0.00171663,5.11069e-05,5.06018e-05,0.0,0.00031281,0.000489933,-0.00176503,-0.00192985,0.000103872,9.81429e-05,0.000187054,0.000144516,0.000717654,-0.000328374,-0.0327876,487.999,0.100197,0.00176503,0.18112,0.206702,0.156827,0.0635007,inf,inf,inf,inf,1,1,1,1,2,0,2,2,1,1,0
12217439,10217444,47.3977419,8.545594,0.00372815,-0.00366297,-0.00195881,5.11069e-05,5.06018e-05,0.0,0.000404194,0.000451528,-0.00193887,-0.00210371,0.000103872,9.81429e-05,0.000187054,0.000327535,0.000727104,-0.000500892,-0.0318754,487.999,0.100244,0.00193887,0.182655,0.205744,0.160791,0.0657065,inf,inf,inf,inf,1,1,1,1,2,0,2,2,1,1,0
12317199,10217444,47.3977419,8.545594,0.00395908,-0.00387338,-0.00220407,5.11069e-05,5.06018e-05,0.0,0.000492232,0.000408552,-0.00210349,-0.00226664,0.000103872,9.81429e-05,0.000187054,6.38399e-05,0.000642769,-0.0002907,-0.0310671,487.999,0.100285,0.00210349,0.183826,0.204738,0.163422,0.0676148,inf,inf,inf,inf,1,1,1,1,2,0,2,2,1,1,0
12419339,10217444,47.3977419,8.545594,0.00432676,-0.00411871,-0.00247244,5.11069e-05,5.06018e-05,0.0,0.000644666,0.000340159,-0.00227912,-0.00243616,0.000103872,9.81429e-05,0.000187054,0.000134187,0.000483503,-0.000222829,-0.0302745,487.999,0.100316,0.00227912,0.186482,0.204436,0.166751,0.0697278,inf,inf,inf,inf,1,1,1,1,2,0,2,2,1,1,0
12521866,10217444,47.3977419,8.545594,0.00460142,-0.00425143,-0.00275221,5.11069e-05,5.06018e-05,0.0,0.00074821,0.000328788,-0.00246384,-0.00260657,0.000103872,9.81429e-05,0.000187054,0.000223679,0.000723271,-0.00058203,-0.0294467,487.999,0.100373,0.00246384,0.188529,0.204043,0.168416,0.0716701,inf,inf,inf,inf,1,1,1,1,2,0,2,2,1,1,0
12619370,10217444,47.3977419,8.545594,0.00469517,-0.00423291,-0.0030294,5.11069e-05,5.06018e-05,0.0,0.000759069,0.000388592,-0.00262721,-0.00275285,0.000103872,9.81429e-05,0.000187054,0.000493807,0.000486666,-0.000168253,-0.0286641,487.999,0.100419,0.00262721,0.190555,0.203821,0.169768,0.0734236,inf,inf,inf,inf,1,1,1,1,2,0,2,2,1,1,0
12724348,10217444,47.3977419,8.545594,0.00483155,-0.00421357,-0.00333258,5.11069e-05,5.06018e-05,0.0,0.000798949,0.000444535,-0.00279932,-0.00289518,0.000103872,9.81429e-05,0.000187054,0.00032804,0.000530727,-0.00023081,-0.0278927,487.999,0.100489,0.00279932,0.192897,0.203901,0.170622,0.0752477,inf,inf,inf,inf,1,1,1,1,2,0,2,2,1,1,0
12826858,10217444,47.3977419,8.545594,0.00493805,-0.00427434,-0.00362733,5.11069e-05,5.06018e-05,0.0,0.000815954,0.000452776,-0.00296766,-0.00301836,0.000103872,9.81429e-05,0.000187054,0.000387447,0.000544575,-0.000107787,-0.0271288,487.999,0.10055,0.00296766,0.194855,0.204027,0.170658,0.0769686,inf,inf,inf,inf,1,1,1,1,2,0,2,2,1,1,0
12926818,10217444,47.3977419,8.545594,0.00507754,-0.00426931,-0.0039349,5.11069e-05,5.06018e-05,0.0,0.00085295,0.000498575,-0.00312709,-0.00314158,0.000103872,9.81429e-05,0.000187054,0.000130124,0.000684764,-0.000142424,-0.0264254,487.999,0.100527,0.00312709,0.197704,0.204669,0.171226,0.0786855,inf,inf,inf,inf,1,1,1,1,2,0,2,2,1,1,0
13029310,10217444,47.3977419,8.545594,0.00515462,-0.00427145,-0.00426089,5.11069e-05,5.06018e-05,0.0,0.000852235,0.000539255,-0.00327606,-0.00325534,0.000103872,9.81429e-05,0.000187054,0.000214052,0.000781204,-0.000296415,-0.025736,487.999,0.100599,0.00327606,0.199171,0.204935,0.170532,0.080113,inf,inf,inf,inf,1,1,1,1,2,0,2,2,1,1,0
13129367,10217444,47.3977419,8.545594,0.00508581,-0.00434998,-0.00457738,5.11069e-05,5.06018e-05,0.0,0.000770763,0.000532255,-0.00342608,-0.00335566,0.000103872,9.81429e-05,0.000187054,0.000301122,0.00069133,-0.000201787,-0.0250421,487.999,0.100673,0.00342608,0.200777,0.205448,0.169483,0.08158,inf,inf,inf,inf,1,1,1,1,2,0,2,2,1,1,0
13229330,10217444,47.3977419,8.545594,0.00491795,-0.00433746,-0.00490041,5.11069e-05,5.06018e-05,0.0,0.000640908,0.000581368,-0.00355684,-0.00343752,0.000103872,9.81429e-05,0.000187054,0.000257956,0.00068198,-0.000104371,-0.0243998,487.999,0.100692,0.00355684,0.202244,0.206058,0.168487,0.0828585,inf,inf,inf,inf,1,1,1,1,2,0,2,2,1,1,0
13331848,10217444,47.3977419,8.545594,0.004658,-0.00419881,-0.00522793,5.11069e-05,5.06018e-05,0.0,0.000464031,0.000701244,-0.00369509,-0.00351308,0.000103872,9.81429e-05,0.000187054,0.000289736,0.000747231,-0.000156893,-0.0236905,487.999,0.100783,0.00369509,0.204098,0.205944,0.167458,0.0840427,inf,inf,inf,inf,1,1,1,1,2,0,2,2,1,1,0
13433888,10217444,47.3977419,8.545594,0.00436458,-0.00411184,-0.00555145,5.11069e-05,5.06018e-05,0.0,0.000277258,0.000784636,-0.00380936,-0.00355784,0.000103872,9.81429e-05,0.000187054,0.000114742,0.000754424,-2.2437e-06,-0.0230415,487.999,0.101107,0.00380936,0.204531,0.20753,0.165506,0.0853409,inf,inf,inf,inf,1,1,1,1,2,0,2,2,1,1,0
13535500,10217444,47.3977419,8.545594,0.00398827,-0.00413572,-0.00586601,5.11069e-05,5.06018e-05,0.0,4.51935e-05,0.000803723,-0.00392994,-0.00359957,0.000103872,9.81429e-05,0.000187054,-9.6938e-05,0.000834583,7.46103e-07,-0.0223846,487.999,0.101421,0.00392994,0.206789,0.207844,0.164485,0.0864992,inf,inf,inf,inf,1,1,1,1,2,0,2,2,1,1,0
13637969,10217444,47.3977419,8.545594,0.00387869,-0.00422673,-0.00620468,5.11069e-05,5.06018e-05,0.0,-1.33742e-05,0.000779352,-0.00449418,-0.00409681,0.000103872,9.81429e-05,0.000187054,-3.80551e-05,0.00085309,-0.0229386,-0.02179,487.999,0.10176,0.00449418,0.207547,0.208697,0.162804,0.0874563,inf,inf,inf,inf,1,1,1,1,2,0,2,2,1,1,0
13740463,10217444,47.3977419,8.545594,0.00399627,-0.00437841,-0.00690442,5.11069e-05,5.06018e-05,0.0,6.39821e-05,0.000726074,-0.0136145,-0.0131315,0.000103872,9.81429e-05,0.000187054,-8.12172e-05,0.00109097,-0.163578,-0.0211449,487.999,0.10246,0.0136145,0.208397,0.209725,0.161009,0.0884898,inf,inf,inf,inf,1,1,1,1,2,0,2,2,1,1,0
13838025,10217444,47.3977419,8.545594,0.00404611,-0.00457505,-0.00916485,5.11069e-05,5.06018e-05,0.0,9.58471e-05,0.000652244,-0.0384696,-0.0378868,0.000103872,9.81429e-05,0.000187054,-1.56707e-05,0.000829607,-0.344562,-0.0205686,487.999,0.10472,0.0384696,0.209271,0.210856,0.159323,0.0894798,inf,inf,inf,inf,1,1,1,1,2,0,2,2,1,1,0
13940273,10217444,47.3977419,8.545594,0.00397484,-0.00460219,-0.0152486,5.11069e-05,5.06018e-05,0.0,6.69091e-05,0.000684589,-0.0847761,-0.0841917,0.000103872,9.81429e-05,0.000187054,0.000271684,0.000858028,-0.547876,-0.0199474,487.999,0.110804,0.0847761,0.209389,0.211689,0.157476,0.0902281,inf,inf,inf,inf,1,1,1,1,2,0,2,2,1,1,0
14042752,10217444,47.3977419,8.545594,0.00406842,-0.00465175,-0.0273789,5.11069e-05,5.06018e-05,0.0,0.000143357,0.00070543,-0.15104,-0.150693,0.000103872,9.81429e-05,0.000187054,0.000145863,0.000805535,-0.711563,-0.0194032,487.999,0.122934,0.15104,0.209692,0.212674,0.155736,0.0910425,inf,inf,inf,inf,1,1,1,1,2,0,2,2,1,1,0
14142762,10217444,47.3977419,8.545594,0.00433219,-0.00458021,-0.0466561,5.11069e-05,5.06018e-05,0.0,0.000301627,0.000791952,-0.224954,-0.225107,0.000103872,9.81429e-05,0.000187054,0.000165747,0.000782153,-0.739431,-0.0188611,487.999,0.142211,0.224954,0.210222,0.213854,0.154605,0.0917172,inf,inf,inf,inf,1,1,1,1,2,0,2,2,1,1,0
14245251,10217444,47.3977419,8.545594,0.00478138,-0.00455558,-0.0745374,5.11069e-05,5.06018e-05,0.0,0.000549979,0.000852357,-0.29948,-0.300521,0.000103872,9.81429e-05,0.000187054,0.000328967,0.000833565,-0.694529,-0.0183009,487.999,0.170093,0.29948,0.211596,0.215535,0.153843,0.09264,inf,inf,inf,inf,1,1,1,1,2,0,2,2,1,1,0
14345238,10217444,47.3977419,8.545594,0.0052236,-0.00442405,-0.108925,5.11069e-05,5.06018e-05,0.0,0.000781161,0.000970708,-0.365975,-0.367907,0.000103872,9.81429e-05,0.000187054,0.000284883,0.000921212,-0.621287,-0.0177757,487.999,0.20448,0.365975,0.210732,0.216015,0.152169,0.0929741,inf,inf,inf,inf,1,1,1,1,2,0,2,2,1,1,0
14450247,10217444,47.3977419,8.545594,0.00581674,-0.00435316,-0.152196,5.11069e-05,5.06018e-05,0.0,0.00107909,0.00105577,-0.427273,-0.430386,0.000103872,9.81429e-05,0.000187054,0.000422319,0.0011563,-0.52983,-0.0172349,487.999,0.247751,0.427273,0.211684,0.217526,0.15121,0.0937582,inf,inf,inf,inf,1,1,1,1,2,0,2,2,1,1,0
14547842,10217444,47.3977419,8.545594,0.00636106,-0.00419226,-0.197648,5.11069e-05,5.06018e-05,0.0,0.00133757,0.0011847,-0.475651,-0.479641,0.000103872,9.81429e-05,0.000187054,0.000491265,0.0010371,-0.447476,-0.0167191,487.999,0.293203,0.475651,0.211293,0.218306,0.149722,0.0941627,inf,inf,inf,inf,1,1,1,1,2,0,2,2,1,1,0
14652760,10217444,47.3977419,8.545594,0.00695378,-0.00410962,-0.251227,5.11069e-05,5.06018e-05,0.0,0.00160555,0.0012666,-0.518691,-0.52338,0.000103872,9.81429e-05,0.000187054,0.000553039,0.00101553,-0.361037,-0.0161789,487.999,0.346782,0.518691,0.211492,0.219419,0.148444,0.0946728,inf,inf,inf,inf,1,1,1,1,2,0,2,2,1,1,0
14752485,10217444,47.3977419,8.545594,0.00749485,-0.00411843,-0.305631,5.11069e-05,5.06018e-05,0.0,0.00183285,0.00129539,-0.551531,-0.556538,0.000103872,9.81429e-05,0.000187054,0.000585647,0.0010822,-0.288069,-0.0156904,487.999,0.401186,0.551531,0.21071,0.219956,0.146694,0.0949372,inf,inf,inf,inf,1,1,1,1,2,0,2,2,1,1,0
14854972,10217444,47.3977419,8.545594,0.00777871,-0.00419819,-0.364318,5.11069e-05,5.06018e-05,0.0,0.00190717,0.00128949,-0.577882,-0.582899,0.000103872,9.81429e-05,0.000187054,0.000604462,0.00122455,-0.219271,-0.0152227,487.999,0.459873,0.577882,0.21105,0.221193,0.14559,0.0953968,inf,inf,inf,inf,1,1,1,1,2,0,2,2,1,1,0
14954992,10217444,47.3977419,8.545594,0.00805128,-0.00433598,-0.423504,5.11069e-05,5.06018e-05,0.0,0.00197657,0.00125488,-0.597127,-0.601788,0.000103872,9.81429e-05,0.000187054,0.000745648,0.00106914,-0.160685,-0.0147451,487.999,0.51906,0.597127,0.211643,0.221199,0.144699,0.0954877,inf,inf,inf,inf,1,1,1,1,2,0,2,2,1,1,0
15057505,10217444,47.3977419,8.545594,0.00806908,-0.00429072,-0.485507,5.11069e-05,5.06018e-05,0.0,0.0019085,0.00131655,-0.610912,-0.614947,0.000103872,9.81429e-05,0.000187054,0.000461508,0.00139469,-0.106985,-0.0142784,487.999,0.581062,0.610912,0.211401,0.222005,0.143265,0.0958174,inf,inf,inf,inf,1,1,1,1,2,0,2,2,1,1,0
15157521,10217444,47.3977419,8.545594,0.00789997,-0.00430356,-0.54682,5.11069e-05,5.06018e-05,0.0,0.00175195,0.00134079,-0.619405,-0.622682,0.000103872,9.81429e-05,0.000187054,0.000613622,0.00100049,-0.0629683,-0.0138316,487.999,0.642375,0.619405,0.210815,0.222588,0.141856,0.0959672,inf,inf,inf,inf,1,1,1,1,2,0,2,2,1,1,0
15259995,10217444,47.3977419,8.545594,0.00786048,-0.00437761,-0.610028,5.11069e-05,5.06018e-05,0.0,0.00167033,0.00133947,-0.623655,-0.625963,0.000103872,9.81429e-05,0.000187054,0.000415592,0.00121644,-0.0229632,-0.0133729,487.999,0.705583,0.623655,0.210749,0.223497,0.140663,0.0962506,inf,inf,inf,inf,1,1,1,1,2,0,2,2,1,1,0
15359992,10217444,47.3977419,8.545594,0.00768005,-0.00428834,-0.671737,5.11069e-05,5.06018e-05,0.0,0.00152235,0.00142346,-0.624099,-0.625413,0.000103872,9.81429e-05,0.000187054,0.00057041,0.00115217,0.00970641,-0.0129721,487.999,0.767292,0.624099,0.20984,0.225236,0.139165,0.0966922,inf,inf,inf,inf,1,1,1,1,2,0,2,2,1,1,0
15465710,10217444,47.3977419,8.545594,0.00762704,-0.00427138,-0.736074,5.11069e-05,5.06018e-05,0.0,0.0014435,0.00146747,-0.621156,-0.621213,0.000103872,9.81429e-05,0.000187054,0.000318126,0.001026,0.0395076,-0.0125469,487.999,0.83163,0.621156,0.210838,0.225393,0.138638,0.0967661,inf,inf,inf,inf,1,1,1,1,2,0,2,2,1,1,0
15567481,10217444,47.3977419,8.545594,0.00774538,-0.00410501,-0.798274,5.11069e-05,5.06018e-05,0.0,0.00145301,0.00158211,-0.615478,-0.614377,0.000103872,9.81429e-05,0.000187054,0.000391573,0.00107868,0.0634618,-0.0121425,487.999,0.89383,0.615478,0.210148,0.225803,0.137442,0.0968268,inf,inf,inf,inf,1,1,1,1,2,0,2,2,1,1,0
15667256,10217444,47.3977419,8.545594,0.00795134,-0.00383252,-0.857801,5.11069e-05,5.06018e-05,0.0,0.00150936,0.00174317,-0.607603,-0.605174,0.000103872,9.81429e-05,0.000187054,0.000341421,0.00106885,0.0836462,-0.0117444,487.999,0.953356,0.607603,0.210052,0.226572,0.136511,0.0970288,inf,inf,inf,inf,1,1,1,1,2,0,2,2,1,1,0
15769758,10217444,47.3977419,8.545594,0.00787425,-0.00369846,-0.917978,5.11069e-05,5.06018e-05,0.0,0.00142444,0.00182672,-0.597614,-0.59392,0.000103872,9.81429e-05,0.000187054,0.000335354,0.00141154,0.100491,-0.0113488,487.999,1.01353,0.597614,0.199343,0.226332,0.129988,0.0964298,inf,inf,inf,inf,1,1,1,1,2,0,2,2,1,1,0
15867279,10217444,47.3977419,8.545594,0.00765998,-0.0034695,-0.974178,5.11069e-05,5.06018e-05,0.0,0.00129119,0.00195302,-0.586639,-0.581846,0.000103872,9.81429e-05,0.000187054,0.00047943,0.000977869,0.113479,-0.0110065,487.999,1.06973,0.586639,0.209212,0.227588,0.134614,0.0972189,inf,inf,inf,inf,1,1,1,1,2,0,2,2,1,1,0
15969581,10217444,47.3977419,8.545594,0.0073066,-0.003147,-1.03173,5.11069e-05,5.06018e-05,0.0,0.00109356,0.00211822,-0.573822,-0.56787,0.000103872,9.81429e-05,0.000187054,0.000254677,0.00146475,0.125025,-0.010632,487.999,1.12728,0.573822,0.198944,0.227485,0.128599,0.096617,inf,inf,inf,inf,1,1,1,1,2,0,2,2,1,1,0
16072038,10217444,47.3977419,8.545594,0.00720299,-0.00277483,-1.08795,5.11069e-05,5.06018e-05,0.0,0.00101762,0.00230118,-0.559918,-0.552875,0.000103872,9.81429e-05,0.000187054,0.000261696,0.00141444,0.133715,-0.0102509,487.999,1.1835,0.559918,0.198875,0.228085,0.127993,0.0967598,inf,inf,inf,inf,1,1,1,1,2,0,2,2,1,1,0
16172008,10217444,47.3977419,8.545594,0.00725633,-0.00241687,-1.1414,5.11069e-05,5.06018e-05,0.0,0.00102013,0.00246711,-0.54559,-0.537579,0.000103872,9.81429e-05,0.000187054,0.000245558,0.00131166,0.139942,-0.00990631,487.999,1.23696,0.54559,0.198054,0.228097,0.127096,0.0967141,inf,inf,inf,inf,1,1,1,1,2,0,2,2,1,1,0
16274538,10217444,47.3977419,8.545594,0.00742462,-0.00224183,-1.19455,5.11069e-05,5.06018e-05,0.0,0.00107219,0.00253989,-0.530246,-0.52128,0.000103872,9.81429e-05,0.000187054,0.000229701,0.00157666,0.14562,-0.00955452,487.999,1.29011,0.530246,0.198195,0.22883,0.126746,0.0968625,inf,inf,inf,inf,1,1,1,1,2,0,2,2,1,1,0
16376823,10217444,47.3977419,8.545594,0.00763595,-0.00219694,-1.24616,5.11069e-05,5.06018e-05,0.0,0.00114577,0.00254927,-0.514566,-0.50483,0.000103872,9.81429e-05,0.000187054,0.000338179,0.00133539,0.148613,-0.00923497,487.999,1.34171,0.514566,0.197402,0.228786,0.125971,0.0968051,inf,inf,inf,inf,1,1,1,1,2,0,2,2,1,1,0
16479323,10217444,47.3977419,8.545594,0.0076259,-0.0022524,-1.29609,5.11069e-05,5.06018e-05,0.0,0.00110898,0.00251274,-0.498497,-0.488024,0.000103872,9.81429e-05,0.000187054,0.000421804,0.00123794,0.150797,-0.00889921,487.999,1.39165,0.498497,0.197304,0.229249,0.125576,0.0969284,inf,inf,inf,inf,1,1,1,1,2,0,2,2,1,1,0
16581820,10217444,47.3977419,8.545594,0.00775305,-0.00219975,-1.3444,5.11069e-05,5.06018e-05,0.0,0.00114165,0.00253292,-0.482279,-0.471194,0.000103872,9.81429e-05,0.000187054,0.000471658,0.00126307,0.151675,-0.00855316,487.999,1.43995,0.482279,0.197492,0.229908,0.125419,0.0970815,inf,inf,inf,inf,1,1,1,1,2,0,2,2,1,1,0
16681818,10217444,47.3977419,8.545594,0.00790005,-0.00220634,-1.39005,5.11069e-05,5.06018e-05,0.0,0.00117748,0.00252111,-0.466443,-0.454872,0.000103872,9.81429e-05,0.000187054,0.000353742,0.001242,0.151958,-0.00824692,487.999,1.4856,0.466443,0.196967,0.229969,0.124959,0.0970436,inf,inf,inf,inf,1,1,1,1,2,0,2,2,1,1,0
16781833,10217444,47.3977419,8.545594,0.00780841,-0.00214393,-1.43408,5.11069e-05,5.06018e-05,0.0,0.00109973,0.00254118,-0.45062,-0.43868,0.000103872,9.81429e-05,0.000187054,0.000269412,0.00118022,0.151012,-0.00792278,487.999,1.52963,0.45062,0.196922,0.230392,0.124701,0.0971591,inf,inf,inf,inf,1,1,1,1,2,0,2,2,1,1,0
16884454,10217444,47.3977419,8.545594,0.00761269,-0.00220256,-1.47768,5.11069e-05,5.06018e-05,0.0,0.000976444,0.00250428,-0.43453,-0.422319,0.000103872,9.81429e-05,0.000187054,0.000351044,0.00116727,0.149692,-0.00760556,487.999,1.57323,0.43453,0.197123,0.229446,0.12465,0.0969197,inf,inf,inf,inf,1,1,1,1,2,0,2,2,1,1,0
16986556,10217444,47.3977419,8.545594,0.00759691,-0.00229759,-1.51979,5.11069e-05,5.06018e-05,0.0,0.000945432,0.00245497,-0.418745,-0.406424,0.000103872,9.81429e-05,0.000187054,0.000307272,0.00119228,0.147954,-0.00730753,487.999,1.61534,0.418745,0.196602,0.229452,0.124267,0.0968727,inf,inf,inf,inf,1,1,1,1,2,0,2,2,1,1,0
17089110,10217444,47.3977419,8.545594,0.00764129,-0.00243796,-1.56037,5.11069e-05,5.06018e-05,0.0,0.000935282,0.00238819,-0.403105,-0.390767,0.000103872,9.81429e-05,0.000187054,0.0001869,0.001105,0.145824,-0.00700606,487.999,1.65593,0.403105,0.196758,0.229959,0.124243,0.0970085,inf,inf,inf,inf,1,1,1,1,2,0,2,2,1,1,0
17189045,10217444,47.3977419,8.545594,0.00753562,-0.00241255,-1.59847,5.11069e-05,5.06018e-05,0.0,0.000857702,0.00239741,-0.388108,-0.375838,0.000103872,9.81429e-05,0.000187054,0.000216909,0.00145398,0.144451,-0.00670403,487.999,1.69402,0.388108,0.196733,0.230287,0.124129,0.0971347,inf,inf,inf,inf,1,1,1,1,2,0,2,2,1,1,0
17291578,10217444,47.3977419,8.545594,0.00759147,-0.00233246,-1.63611,5.11069e-05,5.06018e-05,0.0,0.000861424,0.00242768,-0.373056,-0.360902,0.000103872,9.81429e-05,0.000187054,0.000288797,0.000937628,0.139844,-0.00640498,487.999,1.73167,0.373056,0.196974,0.230785,0.124225,0.0972896,inf,inf,inf,inf,1,1,1,1,2,0,2,2,1,1,0
17393866,10217444,47.3977419,8.545594,0.00773958,-0.00234885,-1.67227,5.11069e-05,5.06018e-05,0.0,0.000901771,0.00241251,-0.358396,-0.346448,0.000103872,9.81429e-05,0.000187054,0.000227906,0.00103655,0.136917,-0.00612098,487.999,1.76783,0.358396,0.196717,0.230909,0.124009,0.0974006,inf,inf,inf,inf,1,1,1,1,2,0,2,2,1,1,0
17493683,10217444,47.3977419,8.545594,0.00794766,-0.00237829,-1.70627,5.11069e-05,5.06018e-05,0.0,0.000968078,0.00238929,-0.344456,-0.332737,0.000103872,9.81429e-05,0.000187054,0.000137465,0.000912485,0.133421,-0.0058615,487.999,1.80183,0.344456,0.19603,0.230643,0.123633,0.0973395,inf,inf,inf,inf,1,1,1,1,2,0,2,2,1,1,0
17593642,10217444,47.3977419,8.545594,0.00811944,-0.00233888,-1.73903,5.11069e-05,5.06018e-05,0.0,0.00100789,0.00239796,-0.330867,-0.319441,0.000103872,9.81429e-05,0.000187054,0.000233528,0.00118645,0.130379,-0.00561185,487.999,1.83458,0.330867,0.195826,0.230728,0.123589,0.0973313,inf,inf,inf,inf,1,1,1,1,2,0,2,2,1,1,0
17698673,10217444,47.3977419,8.545594,0.00800537,-0.00235513,-1.772,5.11069e-05,5.06018e-05,0.0,0.000914775,0.00238443,-0.316955,-0.305964,0.000103872,9.81429e-05,0.000187054,0.00025191,0.00106685,0.126217,-0.00531677,487.999,1.86755,0.316955,0.197024,0.231892,0.124262,0.0977071,inf,inf,inf,inf,1,1,1,1,2,0,2,2,1,1,0
17798657,10217444,47.3977419,8.545594,0.00776367,-0.00223063,-1.80228,5.11069e-05,5.06018e-05,0.0,0.000777421,0.00243465,-0.304179,-0.293626,0.000103872,9.81429e-05,0.000187054,0.000242197,0.00108467,0.122574,-0.00505574,487.999,1.89784,0.304179,0.195914,0.231224,0.123671,0.0976306,inf,inf,inf,inf,1,1,1,1,2,0,2,2,1,1,0
17901145,10217444,47.3977419,8.545594,0.00737992,-0.00209831,-1.83207,5.11069e-05,5.06018e-05,0.0,0.000581259,0.00248151,-0.291458,-0.281404,0.000103872,9.81429e-05,0.000187054,8.47333e-05,0.000960389,0.118709,-0.00478791,487.999,1.92763,0.291458,0.196416,0.231836,0.123992,0.0978127,inf,inf,inf,inf,1,1,1,1,2,0,2,2,1,1,0
18001192,10217444,47.3977419,8.545594,0.00702179,-0.00203132,-1.86002,5.11069e-05,5.06018e-05,0.0,0.000404645,0.00249442,-0.279446,-0.269946,0.000103872,9.81429e-05,0.000187054,6.08576e-05,0.0014275,0.117141,-0.00453397,487.999,1.95558,0.279446,0.196222,0.231888,0.123859,0.097921,inf,inf,inf,inf,1,1,1,1,2,0,2,2,1,1,0
18103671,10217444,47.3977419,8.545594,0.00690558,-0.00185749,-1.88757,5.11069e-05,5.06018e-05,0.0,0.00034317,0.002556,-0.267579,-0.258616,0.000103872,9.81429e-05,0.000187054,0.000166079,0.00105331,0.111692,-0.00429612,487.999,1.98313,0.267579,0.196082,0.231938,0.123889,0.0979249,inf,inf,inf,inf,1,1,1,1,2,0,2,2,1,1,0
18206204,10217444,47.3977419,8.545594,0.00693132,-0.00163093,-1.91403,5.11069e-05,5.06018e-05,0.0,0.000341609,0.00263785,-0.256107,-0.247798,0.000103872,9.81429e-05,0.000187054,-3.24486e-05,0.00157234,0.11006,-0.0040404,487.999,2.00959,0.256107,0.19635,0.230785,0.124094,0.0977335,inf,inf,inf,inf,1,1,1,1,2,0,2,2,1,1,0
18305809,10217444,47.3977419,8.545594,0.00707821,-0.00137136,-1.93874,5.11069e-05,5.06018e-05,0.0,0.000395059,0.00272883,-0.245359,-0.237731,0.000103872,9.81429e-05,0.000187054,-3.16479e-05,0.00137013,0.106316,-0.00379621,487.999,2.03429,0.245359,0.196682,0.231182,0.124335,0.0979135,inf,inf,inf,inf,1,1,1,1,2,0,2,2,1,1,0
18408304,10217444,47.3977419,8.545594,0.00715649,-0.00118391,-1.96318,5.11069e-05,5.06018e-05,0.0,0.000415761,0.00278387,-0.234701,-0.227761,0.000103872,9.81429e-05,0.000187054,0.000203776,0.00107862,0.100971,-0.00355324,487.999,2.05873,0.234701,0.197036,0.231574,0.124592,0.0980972,inf,inf,inf,inf,1,1,1,1,2,0,2,2,1,1,0
18508036,10217444,47.3977419,8.545594,0.00704413,-0.0011423,-1.98602,5.11069e-05,5.06018e-05,0.0,0.000349048,0.0027762,-0.224711,-0.218427,0.000103872,9.81429e-05,0.000187054,0.000180755,0.00114384,0.0977842,-0.00331632,487.999,2.08158,0.224711,0.196658,0.231387,0.124479,0.0980931,inf,inf,inf,inf,1,1,1,1,2,0,2,2,1,1,0
18610561,10217444,47.3977419,8.545594,0.00676325,-0.00123951,-2.00856,5.11069e-05,5.06018e-05,0.0,0.000206749,0.0027061,-0.2148,-0.209201,0.000103872,9.81429e-05,0.000187054,4.02011e-05,0.00108746,0.094148,-0.00307543,487.999,2.10411,0.2148,0.196553,0.23138,0.124435,0.0982254,inf,inf,inf,inf,1,1,1,1,2,0,2,2,1,1,0
18710546,10217444,47.3977419,8.545594,0.00638264,-0.00142485,-2.02965,5.11069e-05,5.06018e-05,0.0,2.55175e-05,0.00260253,-0.205485,-0.200567,0.000103872,9.81429e-05,0.000187054,-2.58226e-06,0.00108032,0.0906902,-0.00283763,487.999,2.12521,0.205485,0.196905,0.231774,0.124675,0.098417,inf,inf,inf,inf,1,1,1,1,2,0,2,2,1,1,0
18813076,10217444,47.3977419,8.545594,0.00596585,-0.00162682,-2.05038,5.11069e-05,5.06018e-05,0.0,-0.000168405,0.00249515,-0.19629,-0.191977,0.000103872,9.81429e-05,0.000187054,-0.000103306,0.00109597,0.0878035,-0.00260786,487.999,2.14593,0.19629,0.196361,0.231459,0.124439,0.0984057,inf,inf,inf,inf,1,1,1,1,2,0,2,2,1,1,0
18915525,10217444,47.3977419,8.545594,0.00563309,-0.00189551,-2.07025,5.11069e-05,5.06018e-05,0.0,-0.000311647,0.00236007,-0.187439,-0.18376,0.000103872,9.81429e-05,0.000187054,3.66326e-05,0.00111109,0.084777,-0.00238863,487.999,2.1658,0.187439,0.196772,0.231883,0.124708,0.0986037,inf,inf,inf,inf,1,1,1,1,2,0,2,2,1,1,0
19018034,10217444,47.3977419,8.545594,0.00555069,-0.00207578,-2.08925,5.11069e-05,5.06018e-05,0.0,-0.000341088,0.00227768,-0.178891,-0.175792,0.000103872,9.81429e-05,0.000187054,-0.000260387,0.00153635,0.0840654,-0.00216418,487.999,2.18481,0.178891,0.196724,0.231919,0.124701,0.0987624,inf,inf,inf,inf,1,1,1,1,2,0,2,2,1,1,0
19119222,10217444,47.3977419,8.545594,0.00547111,-0.00218231,-2.10716,5.11069e-05,5.06018e-05,0.0,-0.000367728,0.00222748,-0.170765,-0.168157,0.000103872,9.81429e-05,0.000187054,-0.000184127,0.000956665,0.0785229,-0.00195026,487.999,2.20272,0.170765,0.196428,0.231779,0.124616,0.098776,inf,inf,inf,inf,1,1,1,1,2,0,2,2,1,1,0
19219258,10217444,47.3977419,8.545594,0.00524981,-0.00226345,-2.1241,5.11069e-05,5.06018e-05,0.0,-0.000456618,0.00219438,-0.163016,-0.160888,0.000103872,9.81429e-05,0.000187054,-0.000200536,0.00173517,0.0780871,-0.00174314,487.999,2.21966,0.163016,0.196986,0.230733,0.12495,0.0986077,inf,inf,inf,inf,1,1,1,1,2,0,2,2,1,1,0
19321372,10217444,47.3977419,8.545594,0.00511535,-0.00232048,-2.14067,5.11069e-05,5.06018e-05,0.0,-0.00049844,0.00216712,-0.155437,-0.153801,0.000103872,9.81429e-05,0.000187054,-0.00010368,0.000967035,0.0728952,-0.00153719,487.999,2.23623,0.155437,0.197159,0.230958,0.125032,0.0987724,inf,inf,inf,inf,1,1,1,1,2,0,2,2,1,1,0
19423888,10217444,47.3977419,8.545594,0.00517134,-0.00231484,-2.15658,5.11069e-05,5.06018e-05,0.0,-0.000456395,0.00217144,-0.148145,-0.146974,0.000103872,9.81429e-05,0.000187054,-0.000126466,0.00102395,0.0700916,-0.00132786,487.999,2.25214,0.148145,0.197095,0.230971,0.125071,0.0987983,inf,inf,inf,inf,1,1,1,1,2,0,2,2,1,1,0
19523883,10217444,47.3977419,8.545594,0.00536343,-0.00221662,-2.17147,5.11069e-05,5.06018e-05,0.0,-0.000356014,0.00222134,-0.141309,-0.140621,0.000103872,9.81429e-05,0.000187054,-0.000205085,0.00137815,0.068834,-0.00111652,487.999,2.26703,0.141309,0.196814,0.230824,0.124871,0.0989206,inf,inf,inf,inf,1,1,1,1,2,0,2,2,1,1,0
19623893,10217444,47.3977419,8.545594,0.00545684,-0.00214825,-2.18571,5.11069e-05,5.06018e-05,0.0,-0.000309674,0.00225135,-0.134777,-0.134537,0.000103872,9.81429e-05,0.000187054,-0.000123197,0.00101577,0.0643633,-0.000926323,487.999,2.28127,0.134777,0.196574,0.230684,0.124801,0.0989319,inf,inf,inf,inf,1,1,1,1,2,0,2,2,1,1,0
19726374,10217444,47.3977419,8.545594,0.00538246,-0.00218902,-2.19973,5.11069e-05,5.06018e-05,0.0,-0.000341269,0.00223079,-0.128374,-0.128624,0.000103872,9.81429e-05,0.000187054,-7.06061e-05,0.00112988,0.0620336,-0.000740337,487.999,2.29529,0.128374,0.196787,0.23091,0.124882,0.0990846,inf,inf,inf,inf,1,1,1,1,2,0,2,2,1,1,0
19828880,10217444,47.3977419,8.545594,0.00536116,-0.00232239,-2.21315,5.11069e-05,5.06018e-05,0.0,-0.000347842,0.00217071,-0.122232,-0.122956,0.000103872,9.81429e-05,0.000187054,-9.37509e-05,0.00169487,0.0617493,-0.00054771,487.999,2.30871,0.122232,0.19796,0.231863,0.125596,0.0993501,inf,inf,inf,inf,1,1,1,1,2,0,2,2,1,1,0
19931402,10217444,47.3977419,8.545594,0.00549306,-0.00250204,-2.22599,5.11069e-05,5.06018e-05,0.0,-0.000283731,0.00209448,-0.116354,-0.117537,0.000103872,9.81429e-05,0.000187054,-0.000145975,0.00111074,0.0572531,-0.000361941,487.999,2.32155,0.116354,0.197705,0.231703,0.125394,0.0994623,inf,inf,inf,inf,1,1,1,1,2,0,2,2,1,1,0
20031375,10217444,47.3977419,8.545594,0.00571965,-0.00256472,-2.23794,5.11069e-05,5.06018e-05,0.0,-0.000180754,0.00207334,-0.110855,-0.112442,0.000103872,9.81429e-05,0.000187054,-3.97428e-05,0.00103186,0.0549497,-0.000184193,487.999,2.3335,0.110855,0.197455,0.231553,0.125282,0.0994552,inf,inf,inf,inf,1,1,1,1,2,0,2,2,1,1,0
20131371,10217444,47.3977419,8.545594,0.00603202,-0.00251176,-2.24949,5.11069e-05,5.06018e-05,0.0,-3.89531e-05,0.0021005,-0.105618,-0.107668,0.000103872,9.81429e-05,0.000187054,0.00013515,0.000979978,0.0528173,-1.45626e-06,487.999,2.34504,0.105618,0.198126,0.23214,0.125634,0.0996509,inf,inf,inf,inf,1,1,1,1,2,0,2,2,1,1,0
20233722,10217444,47.3977419,8.545594,0.00617809,-0.00249753,-2.26078,5.11069e-05,5.06018e-05,0.0,1.31976e-05,0.00210899,-0.100473,-0.102959,0.000103872,9.81429e-05,0.000187054,-9.40301e-05,0.00164443,0.0531927,0.000183596,487.999,2.35633,0.100473,0.197863,0.231989,0.125398,0.0997529,inf,inf,inf,inf,1,1,1,1,2,0,2,2,1,1,0
20333729,10217444,47.3977419,8.545594,0.00612127,-0.00255387,-2.27132,5.11069e-05,5.06018e-05,0.0,-2.49764e-05,0.00208263,-0.0956685,-0.0985675,0.000103872,9.81429e-05,0.000187054,-4.24113e-05,0.0010533,0.0488286,0.000357193,487.999,2.36688,0.0956685,0.197596,0.231835,0.125264,0.0997366,inf,inf,inf,inf,1,1,1,1,2,0,2,2,1,1,0
20436222,10217444,47.3977419,8.545594,0.00590554,-0.00269589,-2.2817,5.11069e-05,5.06018e-05,0.0,-0.0001338,0.00202076,-0.0909415,-0.094249,0.000103872,9.81429e-05,0.000187054,-0.00010686,0.000920592,0.0466821,0.000537232,487.999,2.37725,0.0909415,0.198042,0.232226,0.125509,0.0999276,inf,inf,inf,inf,1,1,1,1,2,0,2,2,1,1,0
20538704,10217444,47.3977419,8.545594,0.00580789,-0.00287747,-2.29165,5.11069e-05,5.06018e-05,0.0,-0.000179889,0.00193719,-0.0864466,-0.0901655,0.000103872,9.81429e-05,0.000187054,-0.000143015,0.00105068,0.0453027,0.000698498,487.999,2.38721,0.0864466,0.198253,0.232451,0.125573,0.100078,inf,inf,inf,inf,1,1,1,1,2,0,2,2,1,1,0
20638754,10217444,47.3977419,8.545594,0.0056474,-0.00309998,-2.30096,5.11069e-05,5.06018e-05,0.0,-0.00025339,0.00184542,-0.0822308,-0.0863249,0.000103872,9.81429e-05,0.000187054,-0.000132721,0.00148912,0.0455855,0.000868373,487.999,2.39652,0.0822308,0.199211,0.231655,0.126097,0.0999163,inf,inf,inf,inf,1,1,1,1,2,0,2,2,1,1,0
20743769,10217444,47.3977419,8.545594,0.00561467,-0.00315925,-2.31029,5.11069e-05,5.06018e-05,0.0,-0.000262474,0.00182855,-0.0779896,-0.0824522,0.000103872,9.81429e-05,0.000187054,-5.19024e-05,0.000834597,0.0414327,0.00103565,487.999,2.40584,0.0779896,0.198949,0.231505,0.125869,0.100021,inf,inf,inf,inf,1,1,1,1,2,0,2,2,1,1,0
20841189,10217444,47.3977419,8.545594,0.00550456,-0.00307782,-2.31862,5.11069e-05,5.06018e-05,0.0,-0.000306723,0.00187439,-0.0742585,-0.0791061,0.000103872,9.81429e-05,0.000187054,1.75112e-07,0.000902144,0.0400954,0.00118832,487.999,2.41417,0.0742585,0.19867,0.231365,0.125711,0.0999951,inf,inf,inf,inf,1,1,1,1,2,0,2,2,1,1,0
20946201,10217444,47.3977419,8.545594,0.00527699,-0.00303599,-2.32713,5.11069e-05,5.06018e-05,0.0,-0.000398621,0.00189943,-0.0703746,-0.0755614,0.000103872,9.81429e-05,0.000187054,-0.000158807,0.00133767,0.0409997,0.00135171,487.999,2.42268,0.0703746,0.198177,0.232587,0.125414,0.100308,inf,inf,inf,inf,1,1,1,1,2,0,2,2,1,1,0
21045682,10217444,47.3977419,8.545594,0.0051798,-0.00294515,-2.33498,5.11069e-05,5.06018e-05,0.0,-0.000426058,0.00194322,-0.0668922,-0.0724379,0.000103872,9.81429e-05,0.000187054,-0.000163001,0.000878845,0.0368945,0.00150206,487.999,2.43053,0.0668922,0.198863,0.231612,0.125752,0.100108,inf,inf,inf,inf,1,1,1,1,2,0,2,2,1,1,0
21147789,10217444,47.3977419,8.545594,0.0050321,-0.00274764,-2.34265,5.11069e-05,5.06018e-05,0.0,-0.000478235,0.00203168,-0.0634511,-0.0693026,0.000103872,9.81429e-05,0.000187054,-6.42908e-05,0.000897214,0.0355659,0.0016597,487.999,2.43821,0.0634511,0.198826,0.231649,0.125647,0.100223,inf,inf,inf,inf,1,1,1,1,2,0,2,2,1,1,0
21247821,10217444,47.3977419,8.545594,0.00478907,-0.00265394,-2.34977,5.11069e-05,5.06018e-05,0.0,-0.000571318,0.00206943,-0.060198,-0.0662972,0.000103872,9.81429e-05,0.000187054,-0.000242578,0.00188546,0.036775,0.00180873,487.999,2.44533,0.060198,0.198757,0.231608,0.125642,0.100211,inf,inf,inf,inf,1,1,1,1,2,0,2,2,1,1,0
21350285,10217444,47.3977419,8.545594,0.00447004,-0.00266276,-2.35682,5.11069e-05,5.06018e-05,0.0,-0.000694809,0.00206841,-0.0570204,-0.0634005,0.000103872,9.81429e-05,0.000187054,-0.000288346,0.00147821,0.0348628,0.00196767,487.999,2.45237,0.0570204,0.198761,0.23164,0.125555,0.100312,inf,inf,inf,inf,1,1,1,1,2,0,2,2,1,1,0
21452809,10217444,47.3977419,8.545594,0.00436211,-0.002761,-2.36355,5.11069e-05,5.06018e-05,0.0,-0.0007166,0.00201905,-0.0539816,-0.0606028,0.000103872,9.81429e-05,0.000187054,-0.000242205,0.000874396,0.0315491,0.00211495,487.999,2.4591,0.0539816,0.199258,0.232048,0.125787,0.100468,inf,inf,inf,inf,1,1,1,1,2,0,2,2,1,1,0
21555279,10217444,47.3977419,8.545594,0.00445298,-0.0027332,-2.36997,5.11069e-05,5.06018e-05,0.0,-0.00065054,0.00202955,-0.0510772,-0.057926,0.000103872,9.81429e-05,0.000187054,-0.000310663,0.000988649,0.0304,0.00226362,487.999,2.46553,0.0510772,0.199479,0.232268,0.125832,0.100591,inf,inf,inf,inf,1,1,1,1,2,0,2,2,1,1,0
21655260,10217444,47.3977419,8.545594,0.00466298,-0.00259209,-2.37594,5.11069e-05,5.06018e-05,0.0,-0.000532289,0.00209216,-0.0483613,-0.0554264,0.000103872,9.81429e-05,0.000187054,-3.87943e-05,0.000953375,0.0291954,0.00240502,487.999,2.47149,0.0483613,0.199199,0.232118,0.125664,0.100545,inf,inf,inf,inf,1,1,1,1,2,0,2,2,1,1,0
21757792,10217444,47.3977419,8.545594,0.00499405,-0.00254956,-2.38187,5.11069e-05,5.06018e-05,0.0,-0.00036747,0.00210671,-0.0457362,-0.0530493,0.000103872,9.81429e-05,0.000187054,-8.5682e-05,0.000990571,0.0279096,0.00254542,487.999,2.47743,0.0457362,0.199672,0.232515,0.125863,0.10068,inf,inf,inf,inf,1,1,1,1,2,0,2,2,1,1,0
21860427,10217444,47.3977419,8.545594,0.00511351,-0.00261366,-2.38752,5.11069e-05,5.06018e-05,0.0,-0.000310297,0.00207113,-0.0432198,-0.0507271,0.000103872,9.81429e-05,0.000187054,-2.43347e-05,0.000998925,0.027148,0.00268309,487.999,2.48307,0.0432198,0.200147,0.23292,0.12606,0.100817,inf,inf,inf,inf,1,1,1,1,2,0,2,2,1,1,0
21959718,10217444,47.3977419,8.545594,0.00504704,-0.00254439,-2.39274,5.11069e-05,5.06018e-05,0.0,-0.000338077,0.00209688,-0.0408808,-0.0485779,0.000103872,9.81429e-05,0.000187054,-0.000208966,0.00104846,0.0263831,0.002814,487.999,2.4883,0.0408808,0.199934,0.232776,0.125937,0.10077,inf,inf,inf,inf,1,1,1,1,2,0,2,2,1,1,0
22059763,10217444,47.3977419,8.545594,0.00486302,-0.00258068,-2.39786,5.11069e-05,5.06018e-05,0.0,-0.000417665,0.00207767,-0.0386427,-0.0465426,0.000103872,9.81429e-05,0.000187054,-0.000144065,0.000840011,0.0249345,0.00295311,487.999,2.49341,0.0386427,0.200398,0.233177,0.126136,0.10091,inf,inf,inf,inf,1,1,1,1,2,0,2,2,1,1,0
22162200,10217444,47.3977419,8.545594,0.00488332,-0.00249114,-2.40289,5.11069e-05,5.06018e-05,0.0,-0.00055846,0.00211223,-0.0364705,-0.0445939,0.000103872,9.81429e-05,0.000187054,-0.0108452,0.00146332,0.0256857,0.00309129,487.999,2.49844,0.0364705,0.200369,0.233182,0.12604,0.101012,inf,inf,inf,inf,1,1,1,1,2,0,2,2,1,1,0
22261914,10217444,47.3977419,8.545594,0.00479367,-0.00250637,-2.40746,5.11069e-05,5.06018e-05,0.0,-0.00742694,0.00207267,-0.0343851,-0.0426382,0.000103872,9.81429e-05,0.000187054,-0.141507,0.00027567,0.0234889,0.00321875,487.999,2.50301,0.0343851,0.200354,0.233196,0.126043,0.100975,inf,inf,inf,inf,1,1,1,1,2,0,2,2,1,1,0
22364390,10217444,47.3977419,8.545594,0.00295448,-0.00260816,-2.412,5.11069e-05,5.06018e-05,0.0,-0.0323055,0.00194286,-0.0323078,-0.0407053,0.000103872,9.81429e-05,0.000187054,-0.340529,-0.00014056,0.0230483,0.00334604,487.999,2.50756,0.0323078,0.200305,0.233209,0.125919,0.101062,inf,inf,inf,inf,1,1,1,1,2,0,2,2,1,1,0
22466932,10217444,47.3977419,8.545594,-0.00275934,-0.00258494,-2.41636,5.11069e-05,5.06018e-05,0.0,-0.0784495,0.00180489,-0.0302575,-0.0388077,0.000103872,9.81429e-05,0.000187054,-0.549401,-0.00077224,0.0235301,0.0034709,487.999,2.51192,0.0302575,0.20097,0.232217,0.126222,0.100824,inf,inf,inf,inf,1,1,1,1,2,0,2,2,1,1,0
22569399,10217444,47.3977419,8.545594,-0.0148955,-0.00246691,-2.42053,5.11069e-05,5.06018e-05,0.0,-0.145918,0.00164337,-0.0281425,-0.0368535,0.000103872,9.81429e-05,0.000187054,-0.749277,-0.000876252,0.0265128,0.00360154,487.999,2.51609,0.0281425,0.191909,0.231287,0.121663,0.100016,inf,inf,inf,inf,1,1,1,1,2,0,2,2,1,1,0
22671900,10217444,47.3977419,8.545594,-0.0355801,-0.00230664,-2.42432,5.11069e-05,5.06018e-05,0.0,-0.233703,0.00142983,-0.0258233,-0.0345946,0.000103872,9.81429e-05,0.000187054,-0.940494,-0.00239312,0.0261948,0.00372358,487.999,2.51988,0.0258233,0.200924,0.23226,0.126128,0.100861,inf,inf,inf,inf,1,1,1,1,2,0,2,2,1,1,0
22769452,10217444,47.3977419,8.545594,-0.0656946,-0.00234007,-2.42779,5.11069e-05,5.06018e-05,0.0,-0.335812,0.00107808,-0.0234733,-0.0322769,0.000103872,9.81429e-05,0.000187054,-1.11533,-0.00227479,0.0295838,0.00384288,487.999,2.52335,0.0234733,0.200898,0.232274,0.126043,0.100933,inf,inf,inf,inf,1,1,1,1,2,0,2,2,1,1,0
22874445,10217444,47.3977419,8.545594,-0.111175,-0.0025241,-2.43106,5.11069e-05,5.06018e-05,0.0,-0.465203,0.000575166,-0.0207047,-0.0294216,0.000103872,9.81429e-05,0.000187054,-1.29992,-0.00379991,0.0291548,0.00397073,487.999,2.52662,0.0207047,0.192244,0.231712,0.121793,0.100157,inf,inf,inf,inf,1,1,1,1,2,0,2,2,1,1,0
22976958,10217444,47.3977419,8.545594,-0.171118,-0.0028352,-2.43379,5.11069e-05,5.06018e-05,0.0,-0.610969,-3.54917e-05,-0.0177576,-0.0262144,0.000103872,9.81429e-05,0.000187054,-1.47693,-0.00371961,0.0316805,0.0040915,487.999,2.52935,0.0177576,0.192696,0.232101,0.122072,0.100263,inf,inf,inf,inf,1,1,1,1,2,0,2,2,1,1,0
23074446,10217444,47.3977419,8.545594,-0.24406,-0.00317664,-2.43591,5.11069e-05,5.06018e-05,0.0,-0.767258,-0.000693429,-0.0147865,-0.0228675,0.000103872,9.81429e-05,0.000187054,-1.64531,-0.00435014,0.0322708,0.00420184,487.999,2.53147,0.0147865,0.192247,0.231753,0.121908,0.100165,inf,inf,inf,inf,1,1,1,1,2,0,2,2,1,1,0
23176954,10217444,47.3977419,8.545594,-0.339599,-0.00346674,-2.43768,5.11069e-05,5.06018e-05,0.0,-0.950135,-0.0014,-0.0114815,-0.0190599,0.000103872,9.81429e-05,0.000187054,-1.822,-0.00530606,0.0329402,0.00431554,487.999,2.53323,0.0114815,0.192682,0.232144,0.122261,0.100267,inf,inf,inf,inf,1,1,1,1,2,0,2,2,1,1,0
23279386,10217444,47.3977419,8.545594,-0.456431,-0.00384016,-2.43872,5.11069e-05,5.06018e-05,0.0,-1.15083,-0.00219138,-0.00815747,-0.0149317,0.000103872,9.81429e-05,0.000187054,-1.97809,-0.00715699,0.0276542,0.00442624,487.999,2.53428,0.00815747,0.192907,0.232343,0.12254,0.100347,inf,inf,inf,inf,1,1,1,1,2,0,2,2,1,1,0
23381906,10217444,47.3977419,8.545594,-0.595043,-0.00413257,-2.43902,5.11069e-05,5.06018e-05,0.0,-1.36863,-0.00299331,-0.00480194,-0.0105422,0.000103872,9.81429e-05,0.000187054,-2.15076,-0.00778617,0.0282342,0.00453631,487.999,2.53458,0.00480194,0.192462,0.231988,0.122539,0.10024,inf,inf,inf,inf,1,1,1,1,2,0,2,2,1,1,0
23484420,10217444,47.3977419,8.545594,-0.75903,-0.00441961,-2.43835,5.11069e-05,5.06018e-05,0.0,-1.60529,-0.0038324,-0.00112957,-0.00533485,0.000103872,9.81429e-05,0.000187054,-2.32371,-0.00877781,0.0274723,0.00464676,487.999,2.53391,0.00112957,0.192896,0.232378,0.123092,0.100338,inf,inf,inf,inf,1,1,1,1,2,0,2,2,1,1,0
23584416,10217444,47.3977419,8.545594,-0.945224,-0.00482784,-2.43651,5.11069e-05,5.06018e-05,0.0,-1.85433,-0.00475528,0.00289486,0.000797141,0.000103872,9.81429e-05,0.000187054,-2.4893,-0.00814786,0.0292764,0.00475146,487.999,2.53206,-0.00289486,0.193567,0.231383,0.123905,0.100097,inf,inf,inf,inf,1,1,1,1,2,0,2,2,1,1,0
23684432,10217444,47.3977419,8.545594,-1.15673,-0.0052396,-2.43366,5.11069e-05,5.06018e-05,0.0,-2.11956,-0.00571561,0.00706978,0.00737753,0.000103872,9.81429e-05,0.000187054,-2.62074,-0.0100271,0.0163196,0.00484987,487.999,2.52921,-0.00706978,0.192667,0.232218,0.123785,0.100307,inf,inf,inf,inf,1,1,1,1,2,0,2,2,1,1,0
23786908,10217444,47.3977419,8.545594,-1.40408,-0.00582823,-2.429,5.11069e-05,5.06018e-05,0.0,-2.40616,-0.00677575,0.0109378,0.0146906,0.000103872,9.81429e-05,0.000187054,-2.78844,-0.0109176,0.0150318,0.00494765,487.999,2.52456,-0.0109378,0.193368,0.232772,0.124774,0.100416,inf,inf,inf,inf,1,1,1,1,2,0,2,2,1,1,0
23886890,10217444,47.3977419,8.545594,-1.67483,-0.0065329,-2.42313,5.11069e-05,5.06018e-05,0.0,-2.70231,-0.00789525,0.0149487,0.0225624,0.000103872,9.81429e-05,0.000187054,-2.95131,-0.0118387,0.0130314,0.00504027,487.999,2.51869,-0.0149487,0.192909,0.232398,0.125092,0.100291,inf,inf,inf,inf,1,1,1,1,2,0,2,2,1,1,0
23989403,10217444,47.3977419,8.545594,-1.98549,-0.00732212,-2.41493,5.11069e-05,5.06018e-05,0.0,-3.02352,-0.00908209,0.0197995,0.0325158,0.000103872,9.81429e-05,0.000187054,-3.11305,-0.0112003,0.0131614,0.0051311,487.999,2.51048,-0.0197995,0.193352,0.232769,0.126068,0.100393,inf,inf,inf,inf,1,1,1,1,2,0,2,2,1,1,0
24089387,10217444,47.3977419,8.545594,-2.32228,-0.00795187,-2.40417,5.11069e-05,5.06018e-05,0.0,-3.35089,-0.0101725,0.0243566,0.0435741,0.000103872,9.81429e-05,0.000187054,-3.21951,-0.0132723,-0.0121962,0.00521102,487.999,2.49973,-0.0243566,0.193606,0.231398,0.126945,0.100093,inf,inf,inf,inf,1,1,1,1,2,0,2,2,1,1,0
24191961,10217444,47.3977419,8.545594,-2.70296,-0.00858625,-2.39071,5.11069e-05,5.06018e-05,0.0,-3.70038,-0.0112651,0.0286553,0.0557443,0.000103872,9.81429e-05,0.000187054,-3.37987,-0.0139662,-0.0156873,0.00528333,487.999,2.48626,-0.0286553,0.194147,0.23176,0.128127,0.100183,inf,inf,inf,inf,1,1,1,1,2,0,2,2,1,1,0
24294379,10217444,47.3977419,8.545594,-3.11881,-0.00940389,-2.37566,5.11069e-05,5.06018e-05,0.0,-4.06504,-0.0124481,0.0329587,0.0683173,0.000103872,9.81429e-05,0.000187054,-3.53406,-0.01486,-0.00731291,0.00535835,487.999,2.47122,-0.0329587,0.193731,0.23139,0.128702,0.100062,inf,inf,inf,inf,1,1,1,1,2,0,2,2,1,1,0
24396873,10217444,47.3977419,8.545594,-3.57463,-0.0102962,-2.35663,5.11069e-05,5.06018e-05,0.0,-4.4434,-0.0136338,0.0392872,0.0848624,0.000103872,9.81429e-05,0.000187054,-3.61158,-0.0147874,-0.0364688,0.00542668,487.999,2.45218,-0.0392872,0.194236,0.231748,0.12995,0.100159,inf,inf,inf,inf,1,1,1,1,2,0,2,2,1,1,0
24499390,10217444,47.3977419,8.545594,-4.07017,-0.011248,-2.33377,5.11069e-05,5.06018e-05,0.0,-4.83259,-0.0147859,0.0445571,0.102253,0.000103872,9.81429e-05,0.000187054,-3.75319,-0.0134302,-0.0368509,0.00548609,487.999,2.42933,-0.0445571,0.194575,0.231925,0.131089,0.100224,inf,inf,inf,inf,1,1,1,1,2,0,2,2,1,1,0
24599407,10217444,47.3977419,8.545594,-4.59145,-0.0122616,-2.30934,5.11069e-05,5.06018e-05,0.0,-5.22635,-0.0159349,0.0498236,0.119872,0.000103872,9.81429e-05,0.000187054,-3.89662,-0.0134193,-0.0412015,0.00553835,487.999,2.4049,-0.0498236,0.194188,0.231551,0.131746,0.100105,inf,inf,inf,inf,1,1,1,1,2,0,2,2,1,1,0
24701893,10217444,47.3977419,8.545594,-5.16778,-0.0132696,-2.27844,5.11069e-05,5.06018e-05,0.0,-5.64087,-0.017026,0.0550428,0.1408,0.000103872,9.81429e-05,0.000187054,-3.96431,-0.0161354,-0.0969613,0.0055837,487.999,2.374,-0.0550428,0.19476,0.231915,0.133095,0.100217,inf,inf,inf,inf,1,1,1,1,2,0,2,2,1,1,0
24799442,10217444,47.3977419,8.545594,-5.75709,-0.0141727,-2.24324,5.11069e-05,5.06018e-05,0.0,-6.04453,-0.0179379,0.0593933,0.163047,0.000103872,9.81429e-05,0.000187054,-4.0896,-0.0146964,-0.101161,0.00562251,487.999,2.33879,-0.0593933,0.195638,0.232463,0.134693,0.100351,inf,inf,inf,inf,1,1,1,1,2,0,2,2,1,1,0
24904456,10217444,47.3977419,8.545594,-6.43282,-0.0152812,-2.2061,5.11069e-05,5.06018e-05,0.0,-6.49161,-0.0189961,0.0630326,0.184576,0.000103872,9.81429e-05,0.000187054,-4.21006,-0.0142749,-0.0693958,0.00565661,487.999,2.30165,-0.0630326,0.195327,0.23209,0.135384,0.100248,inf,inf,inf,inf,1,1,1,1,2,0,2,2,1,1,0
25002714,10217444,47.3977419,8.545594,-7.11036,-0.01617,-2.16219,5.11069e-05,5.06018e-05,0.0,-6.91569,-0.0197673,0.0684436,0.211053,0.000103872,9.81429e-05,0.000187054,-4.24926,-0.0167504,-0.148276,0.00567676,487.999,2.25775,-0.0684436,0.195475,0.232084,0.13629,0.100296,inf,inf,inf,inf,1,1,1,1,2,0,2,2,1,1,0
25107481,10217444,47.3977419,8.545594,-7.87753,-0.0170733,-2.11076,5.11069e-05,5.06018e-05,0.0,-7.37724,-0.0205046,0.0730771,0.24044,0.000103872,9.81429e-05,0.000187054,-4.38142,-0.0163995,-0.154646,0.00569014,487.999,2.20631,-0.0730771,0.196657,0.232788,0.138024,0.100453,inf,inf,inf,inf,1,1,1,1,2,0,2,2,1,1,0
25210003,10217444,47.3977419,8.545594,-8.67563,-0.0179034,-2.05415,5.11069e-05,5.06018e-05,0.0,-7.84201,-0.0211157,0.0790453,0.273059,0.000103872,9.81429e-05,0.000187054,-4.43317,-0.0140042,-0.190513,0.00570098,487.999,2.14971,-0.0790453,0.196969,0.232841,0.138944,0.100525,inf,inf,inf,inf,1,1,1,1,2,0,2,2,1,1,0
25307126,10217444,47.3977419,8.545594,-9.47391,-0.0186766,-1.9971,5.11069e-05,5.06018e-05,0.0,-8.28172,-0.0215944,0.0777454,0.297801,0.000103872,9.81429e-05,0.000187054,-4.51196,-0.0161991,-0.253407,0.00570635,487.999,2.09265,-0.0777454,0.197166,0.232829,0.139859,0.100489,inf,inf,inf,inf,1,1,1,1,2,0,2,2,1,1,0
25410215,10217444,47.3977419,8.545594,-10.3687,-0.0192263,-1.92288,5.11069e-05,5.06018e-05,0.0,-8.75744,-0.021858,0.0858075,0.340085,0.000103872,9.81429e-05,0.000187054,-4.60352,-0.0160972,-0.213434,0.00570172,487.999,2.01844,-0.0858075,0.198678,0.23218,0.141486,0.100423,inf,inf,inf,inf,1,1,1,1,2,0,2,2,1,1,0
25514129,10217444,47.3977419,8.545594,-11.3192,-0.0199586,-1.85176,5.11069e-05,5.06018e-05,0.0,-9.24399,-0.02218,0.0883533,0.374569,0.000103872,9.81429e-05,0.000187054,-4.58442,-0.0147455,-0.312154,0.00568864,487.999,1.94731,-0.0883533,0.197421,0.2326,0.141067,0.100585,inf,inf,inf,inf,1,1,1,1,2,0,2,2,1,1,0
25614141,10217444,47.3977419,8.545594,-12.2817,-0.0205717,-1.77616,5.11069e-05,5.06018e-05,0.0,-9.71425,-0.0223152,0.0865303,0.4064,0.000103872,9.81429e-05,0.000187054,-4.67009,-0.0119047,-0.299738,0.00568537,487.999,1.87172,-0.0865303,0.197416,0.23238,0.141571,0.100518,inf,inf,inf,inf,1,1,1,1,2,0,2,2,1,1,0
25716640,10217444,47.3977419,8.545594,-13.3177,-0.0209731,-1.68532,5.11069e-05,5.06018e-05,0.0,-10.2052,-0.0222663,0.0925517,0.452641,0.000103872,9.81429e-05,0.000187054,-4.76381,-0.0142843,-0.2689,0.00567269,487.999,1.78087,-0.0925517,0.19873,0.231555,0.142913,0.100337,inf,inf,inf,inf,1,1,1,1,2,0,2,2,1,1,0
25814160,10217444,47.3977419,8.545594,-14.3479,-0.021329,-1.5933,5.11069e-05,5.06018e-05,0.0,-10.6712,-0.0221516,0.0961889,0.495457,0.000103872,9.81429e-05,0.000187054,-4.72175,-0.0133447,-0.386346,0.0056578,487.999,1.68886,-0.0961889,0.198727,0.231372,0.143273,0.100288,inf,inf,inf,inf,1,1,1,1,2,0,2,2,1,1,0
25916182,10217444,47.3977419,8.545594,-15.4714,-0.0215126,-1.48498,5.11069e-05,5.06018e-05,0.0,-11.1607,-0.0218303,0.0991326,0.544625,0.000103872,9.81429e-05,0.000187054,-4.82797,-0.013122,-0.399576,0.00563459,487.999,1.58053,-0.0991326,0.199255,0.231557,0.143837,0.100407,inf,inf,inf,inf,1,1,1,1,2,0,2,2,1,1,0
26018872,10217444,47.3977419,8.545594,-16.6505,-0.0216469,-1.36919,5.11069e-05,5.06018e-05,0.0,-11.659,-0.0214394,0.10692,0.600456,0.000103872,9.81429e-05,0.000187054,-4.87113,-0.0129919,-0.337763,0.00560648,487.999,1.46474,-0.10692,0.199996,0.231924,0.144473,0.100559,inf,inf,inf,inf,1,1,1,1,2,0,2,2,1,1,0
26121315,10217444,47.3977419,8.545594,-17.8744,-0.0216467,-1.24181,5.11069e-05,5.06018e-05,0.0,-12.1487,-0.0208787,0.112943,0.658928,0.000103872,9.81429e-05,0.000187054,-4.80764,-0.0113178,-0.469547,0.00558268,487.999,1.33736,-0.112943,0.20052,0.232118,0.144912,0.100711,inf,inf,inf,inf,1,1,1,1,2,0,2,2,1,1,0
26220482,10217444,47.3977419,8.545594,-19.1034,-0.0216842,-1.11657,5.11069e-05,5.06018e-05,0.0,-12.6256,-0.0203288,0.11557,0.711829,0.000103872,9.81429e-05,0.000187054,-4.85969,-0.00846807,-0.434013,0.00555269,487.999,1.21213,-0.11557,0.200192,0.231741,0.14473,0.100681,inf,inf,inf,inf,1,1,1,1,2,0,2,2,1,1,0
26325438,10217444,47.3977419,8.545594,-20.4534,-0.0215658,-0.970023,5.11069e-05,5.06018e-05,0.0,-13.1328,-0.0196233,0.129192,0.783669,0.000103872,9.81429e-05,0.000187054,-4.86568,-0.00734323,-0.334428,0.00553248,487.999,1.06558,-0.129192,0.201494,0.232477,0.145616,0.100922,inf,inf,inf,inf,1,1,1,1,2,0,2,2,1,1,0
26425440,10217444,47.3977419,8.545594,-21.7872,-0.0212422,-0.811024,5.11069e-05,5.06018e-05,0.0,-13.6079,-0.0187353,0.141348,0.857941,0.000103872,9.81429e-05,0.000187054,-4.83069,-0.00904454,-0.547452,0.00550423,487.999,0.906579,-0.141348,0.201704,0.232436,0.145616,0.101086,inf,inf,inf,inf,1,1,1,1,2,0,2,2,1,1,0
26527706,10217444,47.3977419,8.545594,-23.1974,-0.0210745,-0.652696,5.11069e-05,5.06018e-05,0.0,-14.0959,-0.0179485,0.147587,0.924222,0.000103872,9.81429e-05,0.000187054,-4.83876,-0.00825055,-0.475746,0.00547686,487.999,0.748251,-0.147587,0.201654,0.232262,0.145463,0.101117,inf,inf,inf,inf,1,1,1,1,2,0,2,2,1,1,0
26630188,10217444,47.3977419,8.545594,-24.6553,-0.0207,-0.473231,5.11069e-05,5.06018e-05,0.0,-14.5793,-0.0169762,0.172027,1.01437,0.000103872,9.81429e-05,0.000187054,-4.84977,-0.00507048,-0.373136,0.00545539,487.999,0.568786,-0.172027,0.202345,0.232622,0.145697,0.101366,inf,inf,inf,inf,1,1,1,1,2,0,2,2,1,1,0
26732112,10217444,47.3977419,8.545594,-26.1487,-0.020203,-0.275046,5.11069e-05,5.06018e-05,0.0,-15.0557,-0.0159228,0.194246,1.10847,0.000103872,9.81429e-05,0.000187054,-4.73615,-0.00269484,-0.509457,0.00543229,487.999,0.370601,-0.194246,0.202804,0.23126,0.145709,0.101275,inf,inf,inf,inf,1,1,1,1,2,0,2,2,1,1,0
26829566,10217444,47.3977419,8.545594,-27.6183,-0.0197088,-0.0785757,5.11069e-05,5.06018e-05,0.0,-15.5013,-0.0148576,0.215394,1.19959,0.000103872,9.81429e-05,0.000187054,-4.74413,-0.00537165,-0.507911,0.00539884,487.999,0.174131,-0.215394,0.20245,0.232465,0.145224,0.101724,inf,inf,inf,inf,1,1,1,1,2,0,2,2,1,1,0
26934607,10217444,47.3977419,8.545594,-29.2459,-0.0191451,0.145573,5.11069e-05,5.06018e-05,0.0,-15.9789,-0.0136852,0.249301,1.30989,0.000103872,9.81429e-05,0.000187054,-4.76798,-0.0023208,-0.401036,0.00536457,487.999,0.1,-0.249301,0.202821,0.232625,0.145124,0.102054,inf,inf,inf,inf,1,1,1,1,2,0,2,2,1,1,0
