timestamp,rollspeed,pitchspeed,yawspeed,q[0],q[1],q[2],q[3],delta_q_reset[0],delta_q_reset[1],delta_q_reset[2],delta_q_reset[3],quat_reset_counter
1514101,-3.79542e-05,2.48218e-06,-5.5546e-05,1.0,-7.56476e-06,4.77613e-06,-0.00015483,1.0,0.0,0.0,0.0,0
1546604,9.35343e-05,6.50919e-05,-4.67652e-05,1.0,-8.01127e-06,4.56633e-06,-0.000171974,1.0,0.0,0.0,0.0,0
1579114,-5.18089e-05,7.72611e-05,-0.00022099,1.0,-7.89853e-06,4.36627e-06,-0.000189311,1.0,0.0,0.0,0.0,0
1609119,2.99256e-05,-0.000111473,-2.40122e-05,1.0,-8.75226e-06,3.56438e-06,-0.000206333,1.0,0.0,0.0,0.0,0
1641580,0.000128542,6.97641e-05,-0.000221128,1.0,-8.10294e-06,4.17103e-06,-0.00022369,1.0,0.0,0.0,0.0,0
1671586,-3.22942e-05,-2.38531e-05,-0.000152462,1.0,-7.70073e-06,4.13457e-06,-0.000242606,1.0,0.0,0.0,0.0,0
1704054,9.43256e-06,-5.85594e-05,-0.000157923,1.0,-7.25158e-06,3.60004e-06,-0.000260474,1.0,0.0,0.0,0.0,0
1736590,1.10992e-05,1.12746e-05,-0.000300752,1.0,-7.24985e-06,3.14303e-06,-0.000283597,1.0,0.0,0.0,0.0,0
1766572,6.28907e-06,-4.26805e-05,-0.000217857,1.0,-7.59737e-06,2.64194e-06,-0.000303097,1.0,0.0,0.0,0.0,0
1799119,1.50181e-06,-4.40204e-05,-0.000310553,1.0,-7.8668e-06,1.92266e-06,-0.000325775,1.0,0.0,0.0,0.0,0
1829104,-2.74608e-05,-6.1792e-05,-0.000296463,1.0,-8.29087e-06,1.60271e-06,-0.00034747,1.0,0.0,0.0,0.0,0
1861616,-7.77744e-06,4.86064e-05,-0.000345697,1.0,-8.32957e-06,1.57386e-06,-0.000370835,1.0,0.0,0.0,0.0,0
1894085,7.83511e-05,0.000144176,-0.000308193,1.0,-8.74112e-06,1.8081e-06,-0.000397104,1.0,0.0,0.0,0.0,0
1924113,-9.87849e-05,-9.76642e-05,-0.00034137,1.0,-8.89168e-06,2.29418e-06,-0.000423898,1.0,0.0,0.0,0.0,0
1956565,5.39198e-05,-3.24503e-05,-0.000383578,1.0,-8.6527e-06,1.56371e-06,-0.000446561,1.0,0.0,0.0,0.0,0
1986624,2.80599e-05,1.42726e-05,-0.000410931,1.0,-8.75939e-06,1.9515e-06,-0.000471819,1.0,0.0,0.0,0.0,0
2019067,-8.34853e-05,-9.79543e-05,-0.000573224,1.0,-8.47631e-06,8.27792e-07,-0.000500398,1.0,0.0,0.0,0.0,0
2051616,2.63499e-05,2.52569e-06,-0.000265818,1.0,-8.78751e-06,1.08968e-06,-0.000528973,1.0,0.0,0.0,0.0,0
2081584,7.6127e-05,3.78931e-05,-0.000397711,1.0,-8.48672e-06,1.3808e-06,-0.000559707,1.0,0.0,0.0,0.0,0
2111583,3.06156e-05,-0.000114893,-0.000446001,1.0,-8.97726e-06,1.42045e-06,-0.000588003,1.0,0.0,0.0,0.0,0
2144118,9.02079e-05,-4.22994e-05,-0.000584846,1.0,-8.77198e-06,1.54946e-06,-0.000620203,1.0,0.0,0.0,0.0,0
2174085,-0.000121225,-4.64555e-05,-0.000426565,1.0,-9.3419e-06,1.48614e-06,-0.000647864,1.0,0.0,0.0,0.0,0
2206586,-1.4103e-06,-2.68641e-05,-0.000534358,1.0,-8.87329e-06,1.80404e-06,-0.000684258,1.0,0.0,0.0,0.0,0
2236625,8.14328e-05,5.99731e-05,-0.000437472,1.0,-8.6701e-06,2.07237e-06,-0.000717641,1.0,0.0,0.0,0.0,0
2269082,-5.19658e-05,-2.28016e-05,-0.000558268,1.0,-8.74685e-06,1.80991e-06,-0.000754218,1.0,0.0,0.0,0.0,0
2299104,3.58493e-05,3.58263e-05,-0.000641562,1.0,-8.54557e-06,1.65514e-06,-0.000788989,1.0,0.0,0.0,0.0,0
2331582,-3.75421e-05,1.07062e-06,-0.000603818,1.0,-8.312e-06,1.51543e-06,-0.000826892,1.0,0.0,0.0,0.0,0
2366618,3.82592e-05,4.9563e-05,-0.000755008,1.0,-8.39998e-06,1.36438e-06,-0.000872455,1.0,0.0,0.0,0.0,0
2396576,-5.4221e-05,3.25234e-05,-0.000735117,1.0,-8.87459e-06,8.77635e-07,-0.000909553,1.0,0.0,0.0,0.0,0
2429077,-2.20173e-05,-1.51722e-05,-0.00076581,1.0,-8.72562e-06,3.44483e-07,-0.000949072,1.0,0.0,0.0,0.0,0
2459107,2.56883e-05,-7.78587e-05,-0.000732568,1.0,-9.6288e-06,7.16436e-07,-0.000985499,1.0,0.0,0.0,0.0,0
2491556,-1.78395e-05,-4.60224e-05,-0.000776343,1.0,-9.70881e-06,1.15691e-06,-0.00103187,1.0,0.0,0.0,0.0,0
2521618,-9.23836e-05,5.64613e-06,-0.000869007,1.0,-9.47342e-06,1.37689e-06,-0.00107305,1.0,0.0,0.0,0.0,0
2551568,-8.52338e-05,9.95658e-05,-0.000912598,0.999999,-9.81211e-06,5.65809e-07,-0.00111147,1.0,0.0,0.0,0.0,0
2586628,-3.88512e-05,-0.000100136,-0.000804148,0.999999,-1.05268e-05,8.47826e-07,-0.00115941,1.0,0.0,0.0,0.0,0
2616588,-6.74444e-05,-1.79636e-06,-0.000850128,0.999999,-1.00498e-05,1.34599e-06,-0.00120537,1.0,0.0,0.0,0.0,0
2649116,3.13671e-05,-1.01825e-05,-0.000978454,0.999999,-1.0162e-05,1.42912e-06,-0.0012542,1.0,0.0,0.0,0.0,0
2679072,0.000111318,-2.95905e-05,-0.000924025,0.999999,-9.99457e-06,1.67947e-06,-0.00130274,1.0,0.0,0.0,0.0,0
2711579,-2.84207e-05,-4.55066e-05,-0.000996025,0.999999,-9.60258e-06,7.70216e-07,-0.00135155,1.0,0.0,0.0,0.0,0
2744096,-1.62684e-05,0.00011347,-0.00104968,0.999999,-9.57453e-06,1.05748e-06,-0.00140593,1.0,0.0,0.0,0.0,0
2774088,-3.37368e-06,-5.14436e-06,-0.00112631,0.999999,-9.70853e-06,1.18292e-06,-0.00146463,1.0,0.0,0.0,0.0,0
2806560,-5.44606e-05,-4.63768e-05,-0.00104601,0.999999,-9.93492e-06,1.28076e-07,-0.00151517,1.0,0.0,0.0,0.0,0
2839102,5.54151e-05,-2.91721e-05,-0.00114678,0.999999,-1.02173e-05,-8.12271e-07,-0.00157589,1.0,0.0,0.0,0.0,0
2866580,-0.000134625,-5.78642e-05,-0.00125262,0.999999,-1.03529e-05,-5.03263e-07,-0.00162782,1.0,0.0,0.0,0.0,0
2899106,4.82172e-05,4.33434e-05,-0.00131268,0.999999,-1.01301e-05,2.07804e-07,-0.00169065,1.0,0.0,0.0,0.0,0
2931583,4.79632e-05,1.75762e-05,-0.00110574,0.999998,-1.04072e-05,1.77362e-07,-0.00175246,1.0,0.0,0.0,0.0,0
2961571,3.67775e-05,-3.87346e-05,-0.0012093,0.999998,-9.72758e-06,5.2642e-07,-0.00181821,1.0,0.0,0.0,0.0,0
2994199,0.000109654,-2.98069e-05,-0.00134339,0.999998,-9.35855e-06,7.76489e-07,-0.00188587,1.0,0.0,0.0,0.0,0
3026587,0.000177392,4.05413e-05,-0.00132117,0.999998,-9.25919e-06,8.95411e-07,-0.00195513,1.0,0.0,0.0,0.0,0
3059104,0.000104515,-1.13144e-05,-0.00124781,0.999998,-9.4215e-06,9.65002e-07,-0.00203033,1.0,0.0,0.0,0.0,0
3086735,9.01923e-07,-5.29123e-05,-0.00145032,0.999998,-9.69337e-06,8.121e-07,-0.00209075,1.0,0.0,0.0,0.0,0
3121578,-6.10316e-05,6.33896e-05,-0.00135871,0.999998,-9.93683e-06,1.29315e-06,-0.00216447,1.0,0.0,0.0,0.0,0
3151574,-5.85263e-05,3.08255e-06,-0.00162594,0.999997,-1.07092e-05,1.58262e-06,-0.00223985,1.0,0.0,0.0,0.0,0
3184092,-6.45465e-07,-2.75421e-05,-0.00146655,0.999997,-1.11874e-05,7.32052e-07,-0.00231552,1.0,0.0,0.0,0.0,0
3216576,-4.95715e-05,-8.66589e-05,-0.00161831,0.999997,-1.11352e-05,2.32002e-07,-0.00240556,1.0,0.0,0.0,0.0,0
3246566,3.26759e-05,-0.000110647,-0.00149854,0.999997,-1.0369e-05,1.07799e-07,-0.00247253,1.0,0.0,0.0,0.0,0
3279094,-3.4491e-05,3.19144e-05,-0.00167412,0.999997,-1.05948e-05,6.91361e-07,-0.00254771,1.0,0.0,0.0,0.0,0
3309090,-6.20294e-05,4.26074e-05,-0.00167953,0.999997,-1.09259e-05,1.14305e-06,-0.00262104,1.0,0.0,0.0,0.0,0
3339130,2.74869e-06,-6.81352e-05,-0.00170619,0.999996,-1.0647e-05,3.09195e-07,-0.00269847,1.0,0.0,0.0,0.0,0
3374095,3.41066e-05,-0.000103814,-0.00170932,0.999996,-9.71239e-06,1.76075e-07,-0.00279271,1.0,0.0,0.0,0.0,0
3401603,-2.2948e-05,4.38192e-05,-0.00171903,0.999996,-9.56035e-06,-1.72582e-07,-0.00285644,1.0,0.0,0.0,0.0,0
3436635,-6.48277e-05,-8.47576e-05,-0.0018732,0.999996,-9.21554e-06,3.29726e-07,-0.00294487,1.0,0.0,0.0,0.0,0
3466618,-0.000137842,-4.89041e-05,-0.00203099,0.999995,-9.25771e-06,-5.83596e-07,-0.00302771,1.0,0.0,0.0,0.0,0
3499058,5.30743e-05,0.000122699,-0.00196961,0.999995,-9.26048e-06,-8.49472e-07,-0.0031191,1.0,0.0,0.0,0.0,0
3531607,4.69895e-05,0.000139207,-0.0019147,0.999995,-9.47694e-06,-7.89548e-07,-0.00320731,1.0,0.0,0.0,0.0,0
3559115,5.0576e-05,-8.05234e-05,-0.00206967,0.999995,-9.06833e-06,-9.52834e-07,-0.00328562,1.0,0.0,0.0,0.0,0
3591579,1.87405e-05,1.32429e-05,-0.00203102,0.999994,-8.87868e-06,-7.40768e-07,-0.00337768,1.0,0.0,0.0,0.0,0
3626575,-7.85451e-06,-0.000120941,-0.00211096,0.999994,-9.68321e-06,-1.42785e-06,-0.00347581,1.0,0.0,0.0,0.0,0
3654067,5.67549e-05,1.18116e-05,-0.00213855,0.999994,-9.44331e-06,-1.52831e-06,-0.00355584,1.0,0.0,0.0,0.0,0
3689094,7.2033e-05,6.85884e-06,-0.00209343,0.999993,-9.12512e-06,-1.62417e-06,-0.00366256,1.0,0.0,0.0,0.0,0
3719081,0.000100732,-3.94527e-05,-0.00210914,0.999993,-8.93112e-06,-1.69452e-06,-0.00376205,1.0,0.0,0.0,0.0,0
3751583,-1.22826e-05,-1.39241e-05,-0.00215503,0.999993,-8.91777e-06,-2.3427e-06,-0.00385924,1.0,0.0,0.0,0.0,0
3784054,-0.000149806,-5.11121e-05,-0.00234898,0.999992,-9.64306e-06,-2.8409e-06,-0.0039524,1.0,0.0,0.0,0.0,0
3811590,-5.89709e-05,-1.43198e-05,-0.00229712,0.999992,-1.05521e-05,-2.98012e-06,-0.00403411,1.0,0.0,0.0,0.0,0
3846595,1.08735e-05,6.54878e-05,-0.00229316,0.999991,-1.02209e-05,-3.48255e-06,-0.00415349,1.0,0.0,0.0,0.0,0
3874125,-1.84188e-05,4.79361e-05,-0.00238148,0.999991,-1.05918e-05,-3.03493e-06,-0.00424575,1.0,0.0,0.0,0.0,0
3909090,7.42396e-05,-2.0377e-05,-0.00231729,0.99999,-1.04356e-05,-3.48182e-06,-0.00436542,1.0,0.0,0.0,0.0,0
3939108,-8.00931e-05,-2.76681e-05,-0.00237549,0.99999,-1.06198e-05,-3.28362e-06,-0.00445863,1.0,0.0,0.0,0.0,0
3969064,-0.000140358,4.63637e-05,-0.00239997,0.99999,-1.04935e-05,-2.72094e-06,-0.00455281,1.0,0.0,0.0,0.0,0
4004080,-5.68678e-05,0.000100362,-0.00245364,0.999989,-1.07923e-05,-2.53888e-06,-0.00467258,1.0,0.0,0.0,0.0,0
4031627,7.812e-05,-2.88098e-05,-0.00242717,0.999989,-1.08187e-05,-2.63849e-06,-0.00478145,1.0,0.0,0.0,0.0,0
4066614,4.08395e-05,-2.67586e-05,-0.00272012,0.999988,-1.10614e-05,-2.4816e-06,-0.00489327,1.0,0.0,0.0,0.0,0
4096384,9.17598e-05,-4.81631e-06,-0.00275408,0.999988,-1.04813e-05,-3.17618e-06,-0.00500316,1.0,0.0,0.0,0.0,0
4128857,8.35985e-06,-2.46553e-06,-0.00272109,0.999987,-9.78042e-06,-3.41585e-06,-0.00511476,1.0,0.0,0.0,0.0,0
4161639,-0.000120668,4.48905e-05,-0.00270958,0.999986,-9.46535e-06,-3.84497e-06,-0.00524472,1.0,0.0,0.0,0.0,0
4193911,6.88856e-05,2.56888e-06,-0.00275957,0.999986,-9.45898e-06,-3.75446e-06,-0.00536878,1.0,0.0,0.0,0.0,0
4223892,-5.32086e-05,2.51096e-05,-0.00282029,0.999985,-9.52345e-06,-3.94193e-06,-0.0054689,1.0,0.0,0.0,0.0,0
4253883,1.19436e-05,-9.15345e-05,-0.00286724,0.999984,-9.46516e-06,-4.43855e-06,-0.00560478,1.0,0.0,0.0,0.0,0
4286357,7.65583e-05,-2.95806e-06,-0.00302983,0.999984,-7.63632e-06,-4.36011e-06,-0.00574029,1.0,0.0,0.0,0.0,0
4316368,-4.25946e-05,2.6802e-05,-0.00283901,0.999983,-7.92873e-06,-4.47311e-06,-0.00585988,1.0,0.0,0.0,0.0,0
4348868,5.0111e-06,-6.97445e-05,-0.00296733,0.999982,-7.9641e-06,-4.5423e-06,-0.00599353,1.0,0.0,0.0,0.0,0
4378934,7.97696e-05,7.25663e-05,-0.00299636,0.999981,-6.94119e-06,-3.78083e-06,-0.00610269,1.0,0.0,0.0,0.0,0
4413865,0.000113286,-5.19379e-06,-0.00298008,0.999981,-6.12103e-06,-4.20242e-06,-0.00625497,1.0,0.0,0.0,0.0,0
4441386,-6.92803e-05,-5.70489e-05,-0.00313062,0.99998,-6.45275e-06,-4.14223e-06,-0.00635214,1.0,0.0,0.0,0.0,0
4473871,3.2036e-05,-2.45046e-05,-0.00317487,0.999979,-6.56533e-06,-4.77062e-06,-0.00648825,1.0,0.0,0.0,0.0,0
4506376,7.64282e-05,7.56268e-06,-0.00320029,0.999978,-6.06093e-06,-5.16034e-06,-0.00662259,1.0,0.0,0.0,0.0,0
4536395,-2.70143e-05,-2.88101e-05,-0.00316156,0.999977,-5.36355e-06,-4.94688e-06,-0.00674883,1.0,0.0,0.0,0.0,0
4568862,5.02996e-05,0.00016317,-0.00328801,0.999976,-5.19894e-06,-4.61788e-06,-0.00687515,1.0,0.0,0.0,0.0,0
4601367,-3.13159e-05,2.11473e-05,-0.00325769,0.999976,-6.08868e-06,-4.20379e-06,-0.00700497,1.0,0.0,0.0,0.0,0
4633844,2.0101e-05,-7.01366e-06,-0.00343158,0.999975,-6.1138e-06,-5.4085e-06,-0.00712581,1.0,0.0,0.0,0.0,0
4666359,-3.48796e-05,4.16245e-05,-0.00333773,0.999974,-6.13179e-06,-6.32781e-06,-0.00726159,1.0,0.0,0.0,0.0,0
4696371,-9.65858e-05,-2.1684e-05,-0.00345824,0.999973,-6.55801e-06,-6.22464e-06,-0.00739623,1.0,0.0,0.0,0.0,0
4726445,1.27437e-05,-3.04532e-05,-0.00358746,0.999972,-6.78898e-06,-6.35659e-06,-0.00752503,1.0,0.0,0.0,0.0,0
4756385,9.81011e-05,-3.55545e-05,-0.00360787,0.999971,-6.97072e-06,-6.69438e-06,-0.00765304,1.0,0.0,0.0,0.0,0
4791389,3.311e-05,1.53804e-05,-0.00355005,0.99997,-7.10739e-06,-6.47828e-06,-0.00779245,1.0,0.0,0.0,0.0,0
4821412,-0.000105118,-3.83263e-05,-0.00352146,0.999969,-6.80121e-06,-6.851e-06,-0.00792607,1.0,0.0,0.0,0.0,0
4851400,-1.94082e-05,1.55789e-05,-0.00370316,0.999968,-6.77328e-06,-6.0468e-06,-0.00804739,1.0,0.0,0.0,0.0,0
4883906,6.63249e-06,6.78888e-05,-0.00376235,0.999967,-6.54762e-06,-6.15029e-06,-0.00818003,1.0,0.0,0.0,0.0,0
4913857,2.43219e-05,-7.87485e-05,-0.00375464,0.999965,-6.08126e-06,-6.72291e-06,-0.00831817,1.0,0.0,0.0,0.0,0
4946474,-1.42066e-05,-1.46509e-05,-0.00380246,0.999964,-6.28759e-06,-7.44612e-06,-0.00845531,1.0,0.0,0.0,0.0,0
4978930,-4.33684e-05,3.38776e-05,-0.00378923,0.999963,-6.88766e-06,-7.24968e-06,-0.00859636,1.0,0.0,0.0,0.0,0
5008905,6.29414e-05,7.04342e-05,-0.00386111,0.999962,-6.83644e-06,-7.70292e-06,-0.00871592,1.0,0.0,0.0,0.0,0
5043863,-0.000132223,4.90358e-05,-0.00382914,0.999961,-6.99528e-06,-7.47533e-06,-0.00886667,1.0,0.0,0.0,0.0,0
5071407,-4.19652e-05,7.85386e-05,-0.00396203,0.99996,-7.87177e-06,-7.43811e-06,-0.00899746,1.0,0.0,0.0,0.0,0
5106388,9.55409e-07,0.000116124,-0.00394393,0.999958,-8.01354e-06,-6.45719e-06,-0.00914826,1.0,0.0,0.0,0.0,0
5136420,1.74247e-05,-1.65844e-05,-0.00403068,0.999957,-7.54582e-06,-6.54642e-06,-0.00929061,1.0,0.0,0.0,0.0,0
5166383,3.44424e-05,0.000136677,-0.0040174,0.999956,-7.89615e-06,-6.39835e-06,-0.00941896,1.0,0.0,0.0,0.0,0
5201420,8.13712e-05,-0.000116629,-0.00406469,0.999954,-7.48532e-06,-6.53152e-06,-0.00955717,1.0,0.0,0.0,0.0,0
5231334,-7.79266e-05,-1.40213e-05,-0.00418063,0.999953,-7.48307e-06,-6.55843e-06,-0.00970099,1.0,0.0,0.0,0.0,0
5263878,-4.92917e-05,2.70251e-05,-0.0041233,0.999952,-8.02054e-06,-6.66595e-06,-0.00984083,1.0,0.0,0.0,0.0,0
5296358,-5.02929e-05,9.42067e-05,-0.00420478,0.99995,-8.24915e-06,-7.25802e-06,-0.00998291,1.0,0.0,0.0,0.0,0
5326426,-3.75314e-05,-4.65115e-05,-0.00418077,0.999949,-8.30469e-06,-7.28161e-06,-0.0101269,1.0,0.0,0.0,0.0,0
5358922,2.90509e-05,-2.28397e-05,-0.00426229,0.999947,-9.18597e-06,-7.31403e-06,-0.0102516,1.0,0.0,0.0,0.0,0
5386381,-0.000166866,-8.70733e-05,-0.00433178,0.999946,-1.02878e-05,-8.29828e-06,-0.0103778,1.0,0.0,0.0,0.0,0
5421374,7.95629e-06,-2.35665e-05,-0.00433803,0.999945,-9.97001e-06,-8.07634e-06,-0.0105234,1.0,0.0,0.0,0.0,0
5453851,5.94608e-06,-6.07287e-05,-0.00430298,0.999943,-9.84731e-06,-8.67271e-06,-0.0106726,1.0,0.0,0.0,0.0,0
5481406,-6.99924e-05,-8.96763e-05,-0.00442979,0.999942,-9.49494e-06,-9.54868e-06,-0.0107951,1.0,0.0,0.0,0.0,0
5516371,7.87876e-05,-7.36565e-05,-0.00441444,0.99994,-9.43612e-06,-9.57442e-06,-0.0109357,1.0,0.0,0.0,0.0,0
5546439,-3.74969e-05,4.38783e-05,-0.00428929,0.999939,-9.4617e-06,-9.06283e-06,-0.0110587,1.0,0.0,0.0,0.0,0
5578862,-2.21716e-05,7.50721e-08,-0.00444988,0.999937,-9.19976e-06,-9.25204e-06,-0.0112046,1.0,0.0,0.0,0.0,0
5608874,-0.000157694,1.57771e-05,-0.00444207,0.999936,-8.52776e-06,-9.19475e-06,-0.0113384,1.0,0.0,0.0,0.0,0
5641375,6.36381e-05,6.96933e-05,-0.00444635,0.999934,-8.3872e-06,-8.09594e-06,-0.0114686,1.0,0.0,0.0,0.0,0
5673858,1.74652e-05,4.86756e-05,-0.00448397,0.999933,-8.08143e-06,-7.08491e-06,-0.0116094,1.0,0.0,0.0,0.0,0
5703912,9.90184e-05,-2.1583e-05,-0.00444486,0.999931,-7.51798e-06,-7.02731e-06,-0.0117369,1.0,0.0,0.0,0.0,0
5736371,-0.00011377,-0.000147624,-0.00457331,0.99993,-7.45023e-06,-6.94357e-06,-0.0118663,1.0,0.0,0.0,0.0,0
5766395,8.39581e-05,-8.66371e-05,-0.00458496,0.999928,-7.89742e-06,-7.69799e-06,-0.0120081,1.0,0.0,0.0,0.0,0
5796398,-5.53085e-05,2.313e-05,-0.00460935,0.999927,-7.04081e-06,-7.66179e-06,-0.012131,1.0,0.0,0.0,0.0,0
5831369,-1.95243e-05,-6.2992e-06,-0.00456961,0.999925,-6.9659e-06,-7.17609e-06,-0.0122616,1.0,0.0,0.0,0.0,0
5858945,-1.25928e-05,-3.72156e-07,-0.00468623,0.999923,-7.15681e-06,-6.6391e-06,-0.0124,1.0,0.0,0.0,0.0,0
5893879,0.000108291,-6.73726e-05,-0.00470179,0.999921,-6.47747e-06,-7.05348e-06,-0.0125352,1.0,0.0,0.0,0.0,0
5922312,9.12898e-05,3.14892e-05,-0.00457862,0.99992,-6.0043e-06,-7.29255e-06,-0.0126627,1.0,0.0,0.0,0.0,0
5956353,5.75808e-05,-5.60322e-05,-0.00472204,0.999918,-6.41652e-06,-6.74666e-06,-0.0128007,1.0,0.0,0.0,0.0,0
5988659,5.0239e-05,1.5801e-05,-0.00475601,0.999916,-5.68972e-06,-7.06998e-06,-0.0129347,1.0,0.0,0.0,0.0,0
6016167,-4.29559e-05,-0.000132578,-0.00471923,0.999915,-5.85052e-06,-6.97879e-06,-0.0130635,1.0,0.0,0.0,0.0,0
6048632,8.44588e-05,0.000107203,-0.00486231,0.999913,-4.88895e-06,-6.37814e-06,-0.01319,1.0,0.0,0.0,0.0,0
6083648,-7.75307e-05,5.92848e-05,-0.00472977,0.999911,-5.24531e-06,-5.99936e-06,-0.0133268,1.0,0.0,0.0,0.0,0
6113641,7.33515e-05,-1.95478e-05,-0.00478403,0.999909,-4.66459e-06,-6.19128e-06,-0.0134644,1.0,0.0,0.0,0.0,0
6146176,4.33158e-05,-6.08066e-05,-0.00480109,0.999908,-4.04557e-06,-6.15165e-06,-0.0135836,1.0,0.0,0.0,0.0,0
6176145,9.75874e-05,-1.62486e-05,-0.00486605,0.999906,-3.82285e-06,-5.9088e-06,-0.0137081,1.0,0.0,0.0,0.0,0
6206209,-2.18449e-05,9.21926e-05,-0.00491034,0.999904,-3.32856e-06,-5.86289e-06,-0.013836,1.0,0.0,0.0,0.0,0
6241193,4.60261e-05,-3.43186e-05,-0.00484916,0.999902,-3.22979e-06,-5.48704e-06,-0.0139874,1.0,0.0,0.0,0.0,0
6271154,-5.41633e-06,0.000119624,-0.00482863,0.999901,-3.40965e-06,-4.97087e-06,-0.0140897,1.0,0.0,0.0,0.0,0
6303651,0.000135618,7.68978e-05,-0.00485906,0.999899,-2.18213e-06,-4.80686e-06,-0.0142158,1.0,0.0,0.0,0.0,0
6331219,-6.14284e-05,-2.25204e-05,-0.00483281,0.999897,-2.22646e-06,-4.75468e-06,-0.0143299,1.0,0.0,0.0,0.0,0
6363695,-7.92478e-05,-2.30633e-05,-0.00477824,0.999895,-1.85634e-06,-4.58189e-06,-0.014469,1.0,0.0,0.0,0.0,0
6398700,1.75716e-05,-1.89926e-05,-0.00496045,0.999894,-7.70313e-07,-4.51661e-06,-0.0145938,1.0,0.0,0.0,0.0,0
6426175,-1.58439e-05,3.78896e-05,-0.00495779,0.999892,-1.03703e-06,-4.50365e-06,-0.0146989,1.0,0.0,0.0,0.0,0
6458688,2.07919e-05,-4.19192e-05,-0.00499866,0.99989,-5.36114e-07,-4.67125e-06,-0.0148253,1.0,0.0,0.0,0.0,0
6491192,-8.23463e-06,1.14391e-05,-0.00510532,0.999888,-4.10102e-08,-4.93719e-06,-0.0149475,1.0,0.0,0.0,0.0,0
6523637,7.07953e-05,-5.47367e-05,-0.00508118,0.999887,3.06978e-07,-4.97533e-06,-0.0150661,1.0,0.0,0.0,0.0,0
6556163,4.88178e-05,7.21831e-05,-0.00510707,0.999885,2.84523e-07,-4.07778e-06,-0.015198,1.0,0.0,0.0,0.0,0
6586187,6.45091e-05,7.82521e-05,-0.00506542,0.999883,2.679e-07,-4.9588e-06,-0.0153065,1.0,0.0,0.0,0.0,0
6618661,1.17803e-05,-5.61692e-05,-0.00496377,0.999881,5.80553e-07,-3.2749e-06,-0.0154313,1.0,0.0,0.0,0.0,0
6648657,4.42081e-05,-1.44876e-05,-0.00513788,0.999879,3.92862e-07,-2.84426e-06,-0.0155348,1.0,0.0,0.0,0.0,0
6681186,4.25888e-05,5.67393e-05,-0.00510729,0.999877,1.06948e-06,-2.34672e-06,-0.0156685,1.0,0.0,0.0,0.0,0
6713665,8.49361e-05,6.071e-05,-0.00508727,0.999875,1.09715e-06,-2.43673e-06,-0.0157854,1.0,0.0,0.0,0.0,0
6743691,-1.88199e-05,-0.000128138,-0.00505413,0.999874,9.35746e-07,-3.15067e-06,-0.0158887,1.0,0.0,0.0,0.0,0
6773661,-9.16484e-05,-1.8526e-05,-0.00512697,0.999872,1.47691e-06,-2.66157e-06,-0.0160036,1.0,0.0,0.0,0.0,0
6806173,0.000123852,-1.62332e-05,-0.00507298,0.99987,1.88056e-06,-2.41121e-06,-0.0161068,1.0,0.0,0.0,0.0,0
6838693,-7.72444e-06,-3.73525e-06,-0.00513917,0.999869,2.13185e-06,-2.24965e-06,-0.0162157,1.0,0.0,0.0,0.0,0
6871170,-2.32869e-06,4.0784e-05,-0.00513643,0.999867,2.57623e-06,-1.6886e-06,-0.0163274,1.0,0.0,0.0,0.0,0
6901150,6.54724e-05,7.64156e-05,-0.00515085,0.999865,2.58108e-06,-8.53304e-07,-0.016444,1.0,0.0,0.0,0.0,0
6931183,-6.09078e-05,-5.37818e-05,-0.00509772,0.999863,2.04566e-06,-4.57164e-07,-0.0165418,1.0,0.0,0.0,0.0,0
6961185,1.66778e-05,2.27891e-06,-0.0050941,0.999861,1.96038e-06,-7.64094e-07,-0.0166537,1.0,0.0,0.0,0.0,0
6996166,-0.000100141,-1.82129e-05,-0.00519336,0.999859,1.68315e-06,-2.03718e-07,-0.0167721,1.0,0.0,0.0,0.0,0
7026182,1.81647e-05,5.58928e-06,-0.00512947,0.999858,1.47906e-06,-2.76625e-07,-0.0168685,1.0,0.0,0.0,0.0,0
7058647,9.50311e-05,-8.24922e-06,-0.0051476,0.999856,1.30362e-06,-2.39845e-07,-0.0169773,1.0,0.0,0.0,0.0,0
7091168,7.40987e-06,-3.51379e-05,-0.00521795,0.999854,1.80706e-06,-6.60186e-07,-0.0170792,1.0,0.0,0.0,0.0,0
7118656,8.81069e-05,7.8722e-05,-0.00522977,0.999852,1.59367e-06,4.26549e-08,-0.0171773,1.0,0.0,0.0,0.0,0
7153664,-0.000111135,2.63207e-05,-0.00507886,0.99985,1.56111e-06,7.54391e-07,-0.0172935,1.0,0.0,0.0,0.0,0
7186130,-5.85944e-05,-5.86721e-05,-0.00524982,0.999849,1.27515e-06,1.00072e-06,-0.0173911,1.0,0.0,0.0,0.0,0
7213692,-0.000113864,-2.44522e-05,-0.00542585,0.999847,1.3332e-06,1.52856e-06,-0.0174888,1.0,0.0,0.0,0.0,0
7248661,-3.94891e-05,-5.14889e-05,-0.00512227,0.999845,1.30938e-06,1.53335e-06,-0.0175876,1.0,0.0,0.0,0.0,0
7278684,9.62931e-05,-6.44926e-06,-0.00529122,0.999843,1.5337e-06,1.93416e-06,-0.0176924,1.0,0.0,0.0,0.0,0
7311172,6.00162e-05,2.57512e-05,-0.00509426,0.999842,1.52484e-06,1.97884e-06,-0.0177921,1.0,0.0,0.0,0.0,0
7343688,9.93368e-05,-3.16154e-05,-0.00520325,0.99984,1.40283e-06,2.29687e-06,-0.0178941,1.0,0.0,0.0,0.0,0
7371208,-1.89363e-06,7.08582e-05,-0.0054125,0.999839,1.7764e-06,2.74174e-06,-0.0179761,1.0,0.0,0.0,0.0,0
7406141,-2.02977e-05,-5.75614e-05,-0.00513241,0.999836,2.26434e-06,2.47819e-06,-0.018088,1.0,0.0,0.0,0.0,0
7433696,1.42604e-05,4.34793e-05,-0.00516688,0.999835,1.44931e-06,3.10098e-06,-0.0181724,1.0,0.0,0.0,0.0,0
7466208,7.41183e-05,-1.70979e-05,-0.00529084,0.999833,2.37562e-06,3.05485e-06,-0.0182634,1.0,0.0,0.0,0.0,0
7498658,0.000101955,-4.82305e-05,-0.00519201,0.999831,2.68493e-06,3.59367e-06,-0.0183628,1.0,0.0,0.0,0.0,0
7531164,-6.04574e-06,-2.91407e-05,-0.0052327,0.99983,2.15669e-06,3.22375e-06,-0.0184584,1.0,0.0,0.0,0.0,0
7563662,-4.06728e-05,6.16747e-05,-0.00536729,0.999828,1.83652e-06,3.43012e-06,-0.0185525,1.0,0.0,0.0,0.0,0
7591167,-8.32193e-06,4.72906e-05,-0.00518289,0.999826,1.98058e-06,3.85107e-06,-0.0186311,1.0,0.0,0.0,0.0,0
7623669,8.53192e-06,-3.03039e-05,-0.00531521,0.999825,1.98924e-06,3.8769e-06,-0.0187205,1.0,0.0,0.0,0.0,0
7658679,-8.74597e-05,0.000102005,-0.00521463,0.999823,2.51286e-06,4.53282e-06,-0.0188236,1.0,0.0,0.0,0.0,0
7686169,-5.52117e-05,-0.000122381,-0.00524426,0.999821,1.66721e-06,4.40648e-06,-0.0189044,1.0,0.0,0.0,0.0,0
7718681,2.47595e-05,1.07033e-05,-0.00512708,0.99982,1.8108e-06,4.52193e-06,-0.0189905,1.0,0.0,0.0,0.0,0
7751177,1.26728e-05,-7.9113e-05,-0.00532907,0.999818,2.84005e-06,4.28692e-06,-0.0190927,1.0,0.0,0.0,0.0,0
7781175,-0.000104317,2.22027e-05,-0.00520249,0.999816,2.48722e-06,4.77114e-06,-0.0191683,1.0,0.0,0.0,0.0,0
7813660,7.88838e-05,-4.92684e-05,-0.00533365,0.999815,3.36114e-06,3.96018e-06,-0.019251,1.0,0.0,0.0,0.0,0
7843674,-8.32979e-05,8.59417e-05,-0.00520091,0.999813,3.61089e-06,4.63345e-06,-0.019334,1.0,0.0,0.0,0.0,0
7878659,6.89682e-05,8.77173e-06,-0.00520644,0.999811,3.45858e-06,5.7328e-06,-0.019427,1.0,0.0,0.0,0.0,0
7906345,9.94683e-07,5.42988e-05,-0.00525089,0.99981,3.53787e-06,5.85029e-06,-0.019502,1.0,0.0,0.0,0.0,0
7938673,8.59754e-05,-1.39238e-06,-0.0052475,0.999808,3.71127e-06,6.69829e-06,-0.0195873,1.0,0.0,0.0,0.0,0
7971187,4.97395e-05,-2.02189e-05,-0.00529616,0.999807,4.58273e-06,6.36497e-06,-0.0196712,1.0,0.0,0.0,0.0,0
8001166,9.71595e-05,2.77592e-05,-0.00523698,0.999805,5.19829e-06,6.89921e-06,-0.0197472,1.0,0.0,0.0,0.0,0
8033656,-3.30635e-05,4.53212e-05,-0.00529621,0.999804,5.43591e-06,6.83759e-06,-0.0198225,1.0,0.0,0.0,0.0,0
8063646,-1.55161e-05,1.04149e-05,-0.00520238,0.999802,5.12876e-06,6.37265e-06,-0.0199039,1.0,0.0,0.0,0.0,0
8098705,-3.20417e-05,-5.65484e-05,-0.00529521,0.9998,5.64397e-06,6.30302e-06,-0.0199868,1.0,0.0,0.0,0.0,0
8131122,-0.000124454,8.97316e-05,-0.00518557,0.999799,4.99263e-06,6.19691e-06,-0.0200629,1.0,0.0,0.0,0.0,0
8161174,0.000111033,7.94509e-05,-0.00514229,0.999797,4.85625e-06,6.45385e-06,-0.0201373,1.0,0.0,0.0,0.0,0
8193673,-0.000107627,-1.28022e-05,-0.00515722,0.999796,5.1904e-06,6.59876e-06,-0.0202146,1.0,0.0,0.0,0.0,0
8223651,0.000123575,-4.72131e-05,-0.0052215,0.999794,5.25172e-06,6.10865e-06,-0.0202877,1.0,0.0,0.0,0.0,0
8256134,6.68121e-05,0.00012103,-0.0050776,0.999793,5.00861e-06,6.69782e-06,-0.0203638,1.0,0.0,0.0,0.0,0
8288672,-6.07489e-05,-2.39499e-05,-0.00530016,0.999791,4.72996e-06,6.7103e-06,-0.0204406,1.0,0.0,0.0,0.0,0
8318673,6.5452e-05,8.06338e-05,-0.00510073,0.99979,5.81584e-06,7.1344e-06,-0.0205143,1.0,0.0,0.0,0.0,0
8351153,-7.46308e-06,-0.000142208,-0.00515624,0.999788,5.39053e-06,7.07254e-06,-0.0205863,1.0,0.0,0.0,0.0,0
8378698,-5.26683e-05,0.000105447,-0.00526589,0.999787,5.2612e-06,7.92759e-06,-0.0206392,1.0,0.0,0.0,0.0,0
8413667,1.46949e-06,5.36839e-05,-0.005185,0.999785,4.85581e-06,8.23935e-06,-0.0207147,1.0,0.0,0.0,0.0,0
8446145,0.000132375,5.76019e-05,-0.00523466,0.999784,4.82229e-06,8.64801e-06,-0.0207883,1.0,0.0,0.0,0.0,0
8476186,-6.21132e-05,-9.27909e-06,-0.00522039,0.999783,4.76629e-06,8.31481e-06,-0.0208557,1.0,0.0,0.0,0.0,0
8506159,-9.28891e-05,3.74056e-05,-0.00512913,0.999781,4.3082e-06,8.53514e-06,-0.0209186,1.0,0.0,0.0,0.0,0
8538703,-2.2524e-05,-7.39213e-06,-0.00523386,0.99978,4.76588e-06,8.66105e-06,-0.0209871,1.0,0.0,0.0,0.0,0
8568671,5.12124e-05,-4.46967e-05,-0.00523608,0.999778,5.64901e-06,8.55562e-06,-0.0210566,1.0,0.0,0.0,0.0,0
8603681,-5.00065e-05,9.60788e-05,-0.00511771,0.999777,5.83106e-06,8.31822e-06,-0.0211304,1.0,0.0,0.0,0.0,0
8633690,6.71297e-05,-7.40552e-05,-0.00511546,0.999776,6.734e-06,8.33078e-06,-0.0211853,1.0,0.0,0.0,0.0,0
8663651,1.43597e-05,-3.12437e-05,-0.00519906,0.999774,6.00877e-06,7.97816e-06,-0.0212495,1.0,0.0,0.0,0.0,0
8693685,3.99561e-05,-4.20874e-06,-0.00516652,0.999773,5.6241e-06,8.62658e-06,-0.0213121,1.0,0.0,0.0,0.0,0
8728698,-2.01652e-05,-2.31591e-05,-0.00509395,0.999771,5.21797e-06,8.33273e-06,-0.0213888,1.0,0.0,0.0,0.0,0
8758664,5.1356e-06,-3.49039e-05,-0.00509883,0.99977,5.06417e-06,8.36415e-06,-0.0214454,1.0,0.0,0.0,0.0,0
8791156,-0.000153043,5.27536e-05,-0.00516586,0.999769,4.94661e-06,8.21207e-06,-0.0215145,1.0,0.0,0.0,0.0,0
8821205,-9.00969e-05,-2.20844e-05,-0.00507515,0.999767,4.26697e-06,8.74491e-06,-0.0215706,1.0,0.0,0.0,0.0,0
8853648,-8.06881e-06,6.48979e-05,-0.0050857,0.999766,4.0615e-06,8.92353e-06,-0.0216272,1.0,0.0,0.0,0.0,0
8883671,-0.000192811,3.99396e-05,-0.00508583,0.999765,3.76909e-06,8.79812e-06,-0.0216849,1.0,0.0,0.0,0.0,0
8916172,1.96367e-05,7.58302e-05,-0.00517095,0.999764,3.80516e-06,9.203e-06,-0.0217447,1.0,0.0,0.0,0.0,0
8946186,-1.89372e-05,-8.69344e-05,-0.00508214,0.999762,4.12074e-06,9.15754e-06,-0.0217998,1.0,0.0,0.0,0.0,0
8981170,-3.87891e-05,-3.71856e-05,-0.00506672,0.999761,4.58927e-06,8.65575e-06,-0.0218632,1.0,0.0,0.0,0.0,0
9008693,0.000159741,3.85725e-05,-0.0050692,0.99976,5.16235e-06,8.54235e-06,-0.0219129,1.0,0.0,0.0,0.0,0
9041231,3.70573e-06,4.20058e-06,-0.00507495,0.999759,4.51414e-06,8.92328e-06,-0.021974,1.0,0.0,0.0,0.0,0
9073682,1.82685e-05,3.75048e-05,-0.00515811,0.999757,4.84481e-06,9.23508e-06,-0.0220304,1.0,0.0,0.0,0.0,0
9106186,-1.40848e-05,-7.02624e-05,-0.00511194,0.999756,4.49229e-06,9.64512e-06,-0.0220862,1.0,0.0,0.0,0.0,0
9138693,-0.00016127,2.56339e-05,-0.0050909,0.999755,4.03424e-06,9.35622e-06,-0.0221444,1.0,0.0,0.0,0.0,0
9166202,-2.27448e-05,6.75147e-05,-0.00517926,0.999754,3.48354e-06,9.75634e-06,-0.0221929,1.0,0.0,0.0,0.0,0
9201187,8.37424e-06,-2.48194e-05,-0.00510613,0.999752,3.75956e-06,9.49403e-06,-0.022249,1.0,0.0,0.0,0.0,0
9233644,-6.43415e-05,5.70502e-05,-0.00515018,0.999751,3.0583e-06,9.82421e-06,-0.0223063,1.0,0.0,0.0,0.0,0
9261162,0.00010085,-6.74779e-05,-0.00504489,0.99975,3.2248e-06,8.65269e-06,-0.0223518,1.0,0.0,0.0,0.0,0
9293645,0.000141356,8.80454e-05,-0.00490866,0.999749,3.98778e-06,8.46087e-06,-0.0224053,1.0,0.0,0.0,0.0,0
9323673,-7.74416e-05,1.76897e-05,-0.00490952,0.999748,3.65936e-06,8.53174e-06,-0.0224513,1.0,0.0,0.0,0.0,0
9358663,6.78645e-05,-9.31501e-06,-0.00500656,0.999747,3.73447e-06,8.32462e-06,-0.0225068,1.0,0.0,0.0,0.0,0
9388655,0.000122378,6.75954e-07,-0.00499985,0.999746,3.42155e-06,7.91318e-06,-0.0225526,1.0,0.0,0.0,0.0,0
9418672,-4.08644e-05,-2.58938e-05,-0.00491281,0.999745,3.09288e-06,8.04328e-06,-0.0225989,1.0,0.0,0.0,0.0,0
9451172,8.48047e-05,5.6001e-05,-0.00499825,0.999744,2.55648e-06,7.86566e-06,-0.0226483,1.0,0.0,0.0,0.0,0
9481165,1.41722e-05,1.11502e-05,-0.00502973,0.999743,2.23218e-06,7.73038e-06,-0.0226924,1.0,0.0,0.0,0.0,0
9516171,-1.94029e-05,8.44391e-05,-0.00502704,0.999741,1.34795e-06,8.94328e-06,-0.0227459,1.0,0.0,0.0,0.0,0
9548660,8.77187e-05,-3.35959e-05,-0.00497923,0.99974,1.93913e-06,8.79318e-06,-0.0227936,1.0,0.0,0.0,0.0,0
9576201,7.03071e-05,3.05644e-05,-0.00500473,0.999739,2.81437e-06,9.34117e-06,-0.0228369,1.0,0.0,0.0,0.0,0
9611198,5.32516e-05,7.92827e-06,-0.0051589,0.999738,2.91325e-06,9.14835e-06,-0.0228858,1.0,0.0,0.0,0.0,0
9641182,-0.000124592,2.93156e-05,-0.00505414,0.999737,2.64753e-06,9.02976e-06,-0.022934,1.0,0.0,0.0,0.0,0
9671184,-3.13241e-05,-7.07877e-06,-0.00489557,0.999736,2.37758e-06,8.66403e-06,-0.0229778,1.0,0.0,0.0,0.0,0
9706153,1.69182e-05,-5.56017e-06,-0.00491608,0.999735,2.01546e-06,8.28292e-06,-0.0230249,1.0,0.0,0.0,0.0,0
9736140,-1.99874e-05,-2.09586e-05,-0.00481611,0.999734,1.74371e-06,7.72514e-06,-0.0230641,1.0,0.0,0.0,0.0,0
9768661,4.41748e-05,3.59401e-05,-0.00499175,0.999733,1.67388e-06,7.81139e-06,-0.0231103,1.0,0.0,0.0,0.0,0
9798640,-1.29691e-05,2.24625e-05,-0.00500858,0.999732,1.21513e-06,8.47503e-06,-0.0231513,1.0,0.0,0.0,0.0,0
9831200,2.7002e-05,-5.8715e-05,-0.0049357,0.999731,9.90136e-07,8.30284e-06,-0.0231934,1.0,0.0,0.0,0.0,0
9863645,6.66843e-05,-1.74919e-05,-0.00484889,0.99973,3.79163e-07,7.92869e-06,-0.0232403,1.0,0.0,0.0,0.0,0
9891160,-2.4344e-05,2.44962e-05,-0.00484491,0.999729,-2.84e-07,8.18972e-06,-0.0232802,1.0,0.0,0.0,0.0,0
9926204,8.75656e-05,2.20828e-05,-0.0048175,0.999728,2.7631e-08,9.16266e-06,-0.023322,1.0,0.0,0.0,0.0,0
9953651,6.40944e-05,6.09001e-06,-0.00490506,0.999727,1.00328e-07,9.56417e-06,-0.0233559,1.0,0.0,0.0,0.0,0
9986163,4.39226e-05,1.01783e-06,-0.00488551,0.999726,2.94525e-07,9.82954e-06,-0.0233967,1.0,0.0,0.0,0.0,0
10018649,7.65664e-05,-5.99682e-05,-0.00487727,0.999725,3.02632e-07,9.91351e-06,-0.0234383,1.0,0.0,0.0,0.0,0
10048685,0.000121716,0.000135758,-0.00487429,0.999724,1.1585e-06,9.73982e-06,-0.0234751,1.0,0.0,0.0,0.0,0
10081198,1.79508e-05,-7.10357e-06,-0.00476321,0.999723,9.47608e-07,9.44587e-06,-0.0235207,1.0,0.0,0.0,0.0,0
10113625,-9.7503e-06,1.35461e-05,-0.00488285,0.999722,7.96173e-07,9.19629e-06,-0.0235611,1.0,0.0,0.0,0.0,0
10146218,-0.000101047,7.07719e-05,-0.00468444,0.999721,1.34324e-07,9.06253e-06,-0.0236024,1.0,0.0,0.0,0.0,0
10178673,-1.57358e-05,-2.20572e-06,-0.00467827,0.999721,-8.27937e-07,8.94333e-06,-0.0236426,1.0,0.0,0.0,0.0,0
10208681,0.000101283,-0.00017339,-0.0048365,0.99972,-4.45403e-07,8.6051e-06,-0.0236814,1.0,0.0,0.0,0.0,0
10238667,7.43907e-05,0.000123279,-0.00473565,0.999719,-4.95807e-07,9.01776e-06,-0.0236912,1.0,0.0,0.0,0.0,0
10268684,-5.24008e-05,5.59547e-05,-0.00474726,0.999719,-6.60122e-07,8.95051e-06,-0.023697,1.0,0.0,0.0,0.0,0
10303638,-3.79554e-05,7.77815e-06,-0.00462472,0.99972,-9.03956e-07,9.12384e-06,-0.0236772,1.0,0.0,0.0,0.0,0
10336136,-8.37839e-05,-0.000132586,-0.00470269,0.999721,-3.63256e-07,9.51193e-06,-0.0236362,1.0,0.0,0.0,0.0,0
10366152,-1.29913e-06,-9.84457e-06,-0.00456063,0.999722,-2.48471e-07,9.4648e-06,-0.0235893,1.0,0.0,0.0,0.0,0
10398641,5.37012e-05,-0.000152259,-0.00445188,0.999723,1.65511e-07,9.12628e-06,-0.0235144,1.0,0.0,0.0,0.0,0
10428664,-8.16522e-06,-3.25747e-05,-0.00436492,0.999726,1.70017e-07,1.00408e-05,-0.0234186,1.0,0.0,0.0,0.0,0
10458741,5.70977e-05,4.42874e-05,-0.00437204,0.999728,6.73233e-07,1.00038e-05,-0.0233255,1.0,0.0,0.0,0.0,0
10491168,3.26224e-05,0.000100664,-0.00439179,0.999731,9.93526e-07,1.02917e-05,-0.0232065,1.0,0.0,0.0,0.0,0
10521162,7.82266e-06,2.38972e-05,-0.00430217,0.999734,1.83504e-06,9.82537e-06,-0.0230633,1.0,0.0,0.0,0.0,0
10556167,0.000104454,3.10359e-05,-0.00425844,0.999737,2.83127e-06,9.34332e-06,-0.0229346,1.0,0.0,0.0,0.0,0
10586156,-0.000209746,-5.23418e-05,-0.0042825,0.999741,3.20154e-06,9.42223e-06,-0.022766,1.0,0.0,0.0,0.0,0
10618732,-1.71178e-06,1.07965e-05,-0.00419276,0.999744,4.77924e-06,8.81632e-06,-0.0226217,1.0,0.0,0.0,0.0,0
10651161,8.86385e-05,-9.27198e-05,-0.00402413,0.999748,5.00638e-06,8.84721e-06,-0.0224521,1.0,0.0,0.0,0.0,0
10678709,2.05137e-05,6.41852e-05,-0.00404302,0.999751,6.02924e-06,8.88589e-06,-0.0223203,1.0,0.0,0.0,0.0,0
10713682,-2.14504e-05,-0.000118022,-0.00393552,0.999755,6.57552e-06,8.2103e-06,-0.0221346,1.0,0.0,0.0,0.0,0
10743758,5.43509e-06,1.14744e-05,-0.00398195,0.999759,7.52e-06,8.2e-06,-0.0219623,1.0,0.0,0.0,0.0,0
10773670,-2.37467e-05,-2.03147e-05,-0.00389399,0.999762,8.06658e-06,7.49722e-06,-0.0218352,1.0,0.0,0.0,0.0,0
10808711,1.30007e-05,6.75328e-05,-0.00390392,0.999766,9.33358e-06,6.73904e-06,-0.0216098,1.0,0.0,0.0,0.0,0
10836202,-2.43427e-05,-4.66637e-05,-0.00391082,0.99977,1.01833e-05,5.77555e-06,-0.0214625,1.0,0.0,0.0,0.0,0
10868675,-5.40444e-05,-6.35782e-05,-0.00381954,0.999773,1.06344e-05,5.01804e-06,-0.0213131,1.0,0.0,0.0,0.0,0
10898675,-5.20794e-05,7.28946e-05,-0.00364377,0.999776,1.12569e-05,3.38517e-06,-0.0211797,1.0,0.0,0.0,0.0,0
10933684,5.29079e-05,0.000112297,-0.00371457,0.99978,1.28613e-05,1.7933e-06,-0.0209925,1.0,0.0,0.0,0.0,0
10966193,1.39164e-05,0.000115114,-0.00362378,0.999783,1.3561e-05,9.18891e-07,-0.0208275,1.0,0.0,0.0,0.0,0
10993690,2.04539e-06,2.15645e-05,-0.00361999,0.999786,1.46655e-05,-1.46252e-06,-0.0206882,1.0,0.0,0.0,0.0,0
11026187,-7.96358e-05,0.000129537,-0.00362537,0.999789,1.46542e-05,-3.43464e-06,-0.0205325,1.0,0.0,0.0,0.0,0
11058739,-2.70756e-05,-4.55843e-05,-0.00356123,0.999792,1.57899e-05,-5.86251e-06,-0.0203869,1.0,0.0,0.0,0.0,0
11088693,4.95242e-05,2.92188e-05,-0.00346261,0.999795,1.59628e-05,-7.76572e-06,-0.0202438,1.0,0.0,0.0,0.0,0
11121140,-1.38527e-05,1.44548e-05,-0.00339965,0.999798,1.58833e-05,-9.45787e-06,-0.0200987,1.0,0.0,0.0,0.0,0
11153662,-5.49034e-06,-4.24919e-05,-0.00341962,0.999801,1.57993e-05,-1.20076e-05,-0.0199407,1.0,0.0,0.0,0.0,0
11183694,-8.81568e-05,4.14398e-05,-0.00339861,0.999804,1.56442e-05,-1.43069e-05,-0.0198063,1.0,0.0,0.0,0.0,0
11216135,-0.00012404,-1.30097e-05,-0.00333336,0.999806,1.46526e-05,-1.73104e-05,-0.0196781,1.0,0.0,0.0,0.0,0
11248661,1.74883e-05,-7.16027e-05,-0.00340436,0.99981,1.39851e-05,-2.03765e-05,-0.0194972,1.0,0.0,0.0,0.0,0
11278657,9.53943e-06,4.83154e-05,-0.00327159,0.999812,1.36481e-05,-2.3493e-05,-0.0193703,1.0,0.0,0.0,0.0,0
11308714,-5.95745e-05,4.50667e-05,-0.00319289,0.999815,1.30119e-05,-2.66965e-05,-0.0192343,1.0,0.0,0.0,0.0,0
11341208,0.000161503,9.52799e-05,-0.00305145,0.999818,1.3344e-05,-2.99319e-05,-0.0191035,1.0,0.0,0.0,0.0,0
11371183,2.72889e-05,2.10472e-05,-0.0031848,0.99982,1.31778e-05,-3.36893e-05,-0.0189795,1.0,0.0,0.0,0.0,0
11406186,-1.30045e-05,2.35624e-05,-0.00318312,0.999823,1.34685e-05,-3.91811e-05,-0.0188187,1.0,0.0,0.0,0.0,0
11436222,3.3959e-05,5.88891e-05,-0.00307185,0.999825,1.33593e-05,-4.31573e-05,-0.0186958,1.0,0.0,0.0,0.0,0
11466158,-9.79413e-05,-5.93955e-08,-0.00314073,0.999828,1.31143e-05,-4.82661e-05,-0.018556,1.0,0.0,0.0,0.0,0
11501173,-0.000163818,-3.67173e-05,-0.00302276,0.99983,1.35864e-05,-5.37261e-05,-0.0184135,1.0,0.0,0.0,0.0,0
11531175,-6.63903e-05,2.79079e-05,-0.00307188,0.999833,1.36168e-05,-5.83801e-05,-0.018304,1.0,0.0,0.0,0.0,0
11564094,-2.23551e-05,6.11186e-05,-0.00292824,0.999835,1.48185e-05,-6.35589e-05,-0.0181582,1.0,0.0,0.0,0.0,0
11596159,8.99646e-05,-4.9487e-05,-0.00302477,0.999837,1.64899e-05,-6.89067e-05,-0.0180467,1.0,0.0,0.0,0.0,0
11623648,-8.97603e-05,3.20394e-05,-0.00307331,0.999839,1.72983e-05,-7.38278e-05,-0.0179232,1.0,0.0,0.0,0.0,0
11658680,9.12682e-05,5.04905e-05,-0.00292072,0.999842,1.91069e-05,-7.94886e-05,-0.017788,1.0,0.0,0.0,0.0,0
11688638,2.53924e-05,1.25231e-05,-0.00293777,0.999844,1.96901e-05,-8.4611e-05,-0.0176679,1.0,0.0,0.0,0.0,0
11718673,7.49207e-05,-0.000133246,-0.0029656,0.999846,2.04192e-05,-8.93661e-05,-0.0175477,1.0,0.0,0.0,0.0,0
11753736,-5.32011e-05,-0.000113874,-0.00279931,0.999848,2.04952e-05,-9.43825e-05,-0.0174192,1.0,0.0,0.0,0.0,0
11781159,-8.75208e-06,-0.000106063,-0.00271213,0.99985,2.11786e-05,-9.89238e-05,-0.0173166,1.0,0.0,0.0,0.0,0
11813694,2.30492e-05,3.54277e-05,-0.00279733,0.999852,2.19479e-05,-0.000102987,-0.0171875,1.0,0.0,0.0,0.0,0
11843684,3.71368e-05,-4.42847e-05,-0.00271895,0.999854,2.35167e-05,-0.000107049,-0.0170712,1.0,0.0,0.0,0.0,0
11878697,-6.25625e-05,7.26011e-06,-0.00275738,0.999856,2.48667e-05,-0.000110216,-0.0169475,1.0,0.0,0.0,0.0,0
11908679,1.4231e-05,0.000108377,-0.00263749,0.999858,2.61224e-05,-0.000112194,-0.0168258,1.0,0.0,0.0,0.0,0
11941221,-9.18805e-06,-1.20393e-05,-0.00263988,0.999861,2.74184e-05,-0.000114081,-0.0167042,1.0,0.0,0.0,0.0,0
11973649,-1.11173e-05,-2.91533e-05,-0.00266774,0.999863,2.93537e-05,-0.000115965,-0.0165639,1.0,0.0,0.0,0.0,0
12003651,1.31069e-05,-2.40783e-05,-0.00256351,0.999865,3.12488e-05,-0.000117221,-0.016452,1.0,0.0,0.0,0.0,0
12036167,-3.24851e-05,-2.2821e-05,-0.00254076,0.999867,3.23972e-05,-0.000118946,-0.0163384,1.0,0.0,0.0,0.0,0
12066199,-2.02968e-05,-6.99139e-05,-0.00239255,0.999869,3.42216e-05,-0.000120633,-0.0162112,1.0,0.0,0.0,0.0,0
12098693,-5.795e-05,-8.128e-05,-0.00248732,0.999871,3.61554e-05,-0.000122715,-0.0160894,1.0,0.0,0.0,0.0,0
12131159,3.50351e-05,0.000155363,-0.00244319,0.999873,3.8312e-05,-0.000123664,-0.0159685,1.0,0.0,0.0,0.0,0
12158717,4.89123e-05,-5.21613e-05,-0.00233071,0.999874,3.96566e-05,-0.000124577,-0.0158681,1.0,0.0,0.0,0.0,0
12193638,-1.654e-05,2.85774e-05,-0.00235026,0.999876,3.93626e-05,-0.00012422,-0.0157245,1.0,0.0,0.0,0.0,0
12223691,0.000131111,-8.20098e-05,-0.00240949,0.999878,4.0105e-05,-0.000123548,-0.0156176,1.0,0.0,0.0,0.0,0
12256184,-0.000130239,-7.67779e-05,-0.00218837,0.99988,3.91892e-05,-0.000123153,-0.0154869,1.0,0.0,0.0,0.0,0
12288255,5.5256e-05,2.22315e-05,-0.00240112,0.999882,3.79311e-05,-0.000122971,-0.015379,1.0,0.0,0.0,0.0,0
12320769,1.9406e-05,-2.62753e-05,-0.00221482,0.999884,3.64258e-05,-0.000123024,-0.0152558,1.0,0.0,0.0,0.0,0
12348304,-1.26945e-05,-0.000110802,-0.00216204,0.999885,3.536e-05,-0.000123388,-0.0151645,1.0,0.0,0.0,0.0,0
12383299,-3.14517e-05,5.59962e-05,-0.00217153,0.999887,3.38789e-05,-0.000122791,-0.0150209,1.0,0.0,0.0,0.0,0
12413295,-6.78802e-05,-4.06382e-05,-0.00222621,0.999889,3.24344e-05,-0.000123248,-0.0149275,1.0,0.0,0.0,0.0,0
12445780,-9.06417e-05,5.383e-05,-0.00217294,0.99989,3.16308e-05,-0.000123795,-0.0148245,1.0,0.0,0.0,0.0,0
12473298,5.7482e-05,0.000109105,-0.00212658,0.999891,3.15969e-05,-0.000124461,-0.0147466,1.0,0.0,0.0,0.0,0
12505828,-8.81508e-05,-3.14592e-05,-0.00214192,0.999893,3.03993e-05,-0.000125384,-0.0146438,1.0,0.0,0.0,0.0,0
12538281,4.68077e-05,-3.19867e-05,-0.00209379,0.999894,2.84742e-05,-0.000125164,-0.0145409,1.0,0.0,0.0,0.0,0
12568286,-4.57793e-05,1.98468e-05,-0.0019961,0.999896,2.74329e-05,-0.000125004,-0.0144313,1.0,0.0,0.0,0.0,0
12603298,1.43301e-05,-5.85891e-07,-0.00203231,0.999898,2.64731e-05,-0.000123476,-0.0143192,1.0,0.0,0.0,0.0,0
12633307,-5.59361e-05,4.11403e-06,-0.00219408,0.999899,2.6137e-05,-0.000121657,-0.0142194,1.0,0.0,0.0,0.0,0
12664404,-2.69083e-06,4.28462e-06,-0.00199499,0.9999,2.55586e-05,-0.000120127,-0.0141243,1.0,0.0,0.0,0.0,0
12698274,-0.000232919,7.43514e-05,-0.00201439,0.999902,2.50797e-05,-0.000116863,-0.014011,1.0,0.0,0.0,0.0,0
12725756,-1.0918e-05,-9.76473e-05,-0.00201804,0.999903,2.58341e-05,-0.000113965,-0.013901,1.0,0.0,0.0,0.0,0
12758329,0.000126935,-8.61848e-05,-0.00189682,0.999905,2.70484e-05,-0.000111316,-0.0138011,1.0,0.0,0.0,0.0,0
12793292,6.68644e-05,0.000126237,-0.00197977,0.999907,2.84747e-05,-0.000107877,-0.0136689,1.0,0.0,0.0,0.0,0
12820781,-5.2419e-05,-3.26985e-06,-0.00194854,0.999908,2.93124e-05,-0.000105867,-0.0135961,1.0,0.0,0.0,0.0,0
12853266,5.45046e-06,-7.39993e-05,-0.00189242,0.999909,3.04355e-05,-0.000103758,-0.0134907,1.0,0.0,0.0,0.0,0
12884507,-2.9662e-05,8.1693e-05,-0.00193177,0.99991,3.06673e-05,-0.000100664,-0.0133902,1.0,0.0,0.0,0.0,0
12917054,-1.50924e-05,-2.80429e-05,-0.00175798,0.999912,3.05563e-05,-9.77701e-05,-0.0132993,1.0,0.0,0.0,0.0,0
12947021,-0.000122771,0.000108323,-0.00172084,0.999913,2.96168e-05,-9.4572e-05,-0.0131863,1.0,0.0,0.0,0.0,0
12982047,-8.94809e-05,-6.17629e-05,-0.00171379,0.999914,2.90456e-05,-9.24382e-05,-0.0130883,1.0,0.0,0.0,0.0,0
13012027,6.53975e-05,-7.47634e-07,-0.00166491,0.999916,2.79466e-05,-9.04102e-05,-0.0129904,1.0,0.0,0.0,0.0,0
13044536,3.47209e-05,-4.34284e-05,-0.00174389,0.999917,2.77916e-05,-8.86306e-05,-0.0128958,1.0,0.0,0.0,0.0,0
13074546,4.29364e-05,-8.28235e-05,-0.00172159,0.999918,2.73306e-05,-8.58487e-05,-0.0127981,1.0,0.0,0.0,0.0,0
13104524,-6.2936e-05,-0.000108185,-0.0018032,0.999919,2.72144e-05,-8.30515e-05,-0.0127105,1.0,0.0,0.0,0.0,0
13139485,-9.23267e-05,2.37467e-05,-0.0015863,0.99992,2.58666e-05,-8.11654e-05,-0.0126141,1.0,0.0,0.0,0.0,0
14969533,-0.000112269,5.67346e-05,-0.000860572,0.999967,1.74632e-05,7.74337e-08,-0.00807512,1.0,0.0,0.0,0.0,0
15002058,-4.70872e-05,-6.79786e-05,-0.000866921,0.999968,1.7703e-05,-1.25562e-06,-0.00801135,1.0,0.0,0.0,0.0,0
15034510,-8.2772e-05,2.49989e-06,-0.000719321,0.999968,1.79041e-05,-1.67301e-06,-0.00795263,1.0,0.0,0.0,0.0,0
15064509,-3.32729e-05,-4.73127e-06,-0.000806494,0.999969,1.77839e-05,-2.90097e-06,-0.00789106,1.0,0.0,0.0,0.0,0
15099536,-6.39675e-05,2.9021e-05,-0.000844401,0.999969,1.75914e-05,-2.73274e-06,-0.00783568,1.0,0.0,0.0,0.0,0
15127001,3.9634e-05,-1.21346e-05,-0.000694994,0.99997,1.77733e-05,-2.77575e-06,-0.0077836,1.0,0.0,0.0,0.0,0
15159599,3.05167e-05,-9.86157e-05,-0.000889833,0.99997,1.87359e-05,-2.47169e-06,-0.00772013,1.0,0.0,0.0,0.0,0
15192023,-0.000100935,-7.26829e-05,-0.000811154,0.999971,1.90331e-05,-3.14422e-06,-0.007652,1.0,0.0,0.0,0.0,0
15221998,-5.00005e-05,-5.91357e-05,-0.000758674,0.999971,1.94347e-05,-4.1523e-06,-0.00759942,1.0,0.0,0.0,0.0,0
15257018,-0.000208641,-0.000132429,-0.000681743,0.999972,1.96709e-05,-4.87985e-06,-0.00753257,1.0,0.0,0.0,0.0,0
15287009,1.38194e-05,7.62636e-05,-0.000707045,0.999972,2.05023e-05,-4.69639e-06,-0.00747803,1.0,0.0,0.0,0.0,0
15317020,4.3254e-05,-1.90558e-05,-0.000649115,0.999972,2.10026e-05,-4.49303e-06,-0.00742636,1.0,0.0,0.0,0.0,0
15349539,-0.000163574,4.50101e-05,-0.000812542,0.999973,2.06802e-05,-3.69212e-06,-0.00736685,1.0,0.0,0.0,0.0,0
15379525,2.00767e-05,-3.80874e-05,-0.000705691,0.999973,2.09812e-05,-3.74156e-06,-0.00730429,1.0,0.0,0.0,0.0,0
15414559,3.8171e-05,-3.61529e-05,-0.000662597,0.999974,2.10522e-05,-4.00354e-06,-0.0072449,1.0,0.0,0.0,0.0,0
15444522,-1.6351e-05,0.000104292,-0.000680836,0.999974,2.17771e-05,-3.61477e-06,-0.00719692,1.0,0.0,0.0,0.0,0
15477016,6.69923e-05,8.47948e-05,-0.000645049,0.999975,2.27985e-05,-3.24371e-06,-0.0071256,1.0,0.0,0.0,0.0,0
15507003,7.27256e-05,-3.17543e-05,-0.000703878,0.999975,2.34484e-05,-2.22345e-06,-0.00707838,1.0,0.0,0.0,0.0,0
15537056,-3.02095e-05,-2.38825e-05,-0.000772329,0.999975,2.43055e-05,-1.27134e-06,-0.00701977,1.0,0.0,0.0,0.0,0
15572079,-2.15735e-06,-0.505125,-0.000609394,0.999972,6.25417e-06,-0.00275074,-0.00696343,1.0,0.0,0.0,0.0,0
15602015,0.000171266,-2.19029,-0.000784831,0.999694,-0.000139498,-0.0237517,-0.00690211,1.0,0.0,0.0,0.0,0
15634517,5.96681e-07,-3.5449,-0.000689631,0.997328,-0.000477954,-0.0727309,-0.00683216,1.0,0.0,0.0,0.0,0
15664515,1.40711e-05,-3.49049,-0.00050217,0.991898,-0.000852332,-0.126857,-0.00674167,1.0,0.0,0.0,0.0,0
15697038,2.03061e-06,-2.23376,-0.000574069,0.984938,-0.00117002,-0.172778,-0.00664252,1.0,0.0,0.0,0.0,0
15729519,6.34209e-05,-0.502025,-0.000512338,0.981269,-0.00131345,-0.192525,-0.00656062,1.0,0.0,0.0,0.0,0
15757063,-7.32584e-05,0.878795,-0.000602735,0.982,-0.00129729,-0.188767,-0.00651669,1.0,0.0,0.0,0.0,0
15792009,-7.07287e-05,1.8854,-0.000518563,0.986635,-0.00113086,-0.162813,-0.00649588,1.0,0.0,0.0,0.0,0
15822018,-6.30866e-05,2.0709,-0.000566421,0.991166,-0.000928643,-0.13247,-0.00648494,1.0,0.0,0.0,0.0,0
15854531,1.77908e-05,1.71259,-0.000617199,0.994794,-0.000714662,-0.101697,-0.00645299,1.0,0.0,0.0,0.0,0
15887021,-4.84223e-05,1.21186,-0.000676039,0.996878,-0.000549165,-0.0786882,-0.00643081,1.0,0.0,0.0,0.0,0
15917037,4.47112e-05,0.697731,-0.000611043,0.997863,-0.000435092,-0.0650269,-0.00639502,1.0,0.0,0.0,0.0,0
15946999,8.99328e-05,0.368189,-0.000418584,0.998325,-0.000360347,-0.0575001,-0.00635671,1.0,0.0,0.0,0.0,0
15987043,1.72539e-05,0.20165,-0.000472938,0.998603,-0.00029354,-0.0524627,-0.00630298,1.0,0.0,0.0,0.0,0
16022101,-0.000120823,0.237643,-0.000536792,0.998787,-0.000245056,-0.0488411,-0.00624934,1.0,0.0,0.0,0.0,0
16052032,-5.09907e-06,0.313966,-0.000512879,0.998981,-0.000197748,-0.0447169,-0.00620003,1.0,0.0,0.0,0.0,0
16084505,-4.52785e-05,0.39234,-0.00047034,0.999222,-0.000142898,-0.0389551,-0.00614387,1.0,0.0,0.0,0.0,0
16117028,-4.78555e-05,0.426899,-0.000347253,0.999459,-8.36779e-05,-0.0323189,-0.00607985,1.0,0.0,0.0,0.0,0
16146746,5.97178e-05,0.419598,-0.000509123,0.999641,-3.22431e-05,-0.026091,-0.0060231,1.0,0.0,0.0,0.0,0
16176850,3.51639e-05,0.379747,-0.000454201,0.999778,1.5833e-05,-0.0202086,-0.00596267,1.0,0.0,0.0,0.0,0
16211757,-7.80764e-06,0.313444,-0.000426861,0.99988,6.60249e-05,-0.0143637,-0.00588096,1.0,0.0,0.0,0.0,0
16244265,-4.5097e-05,0.251682,-0.000545951,0.999933,0.000101891,-0.00996774,-0.00581162,1.0,0.0,0.0,0.0,0
16274270,-9.1328e-06,0.204374,-0.000285993,0.999961,0.00012945,-0.00671729,-0.00574842,1.0,0.0,0.0,0.0,0
16306792,-9.51968e-05,0.1677,-0.000461047,0.999977,0.000154857,-0.00383899,-0.00566407,1.0,0.0,0.0,0.0,0
16336780,7.73193e-05,0.142234,-0.000368496,0.999983,0.000173052,-0.00162703,-0.00559829,1.0,0.0,0.0,0.0,0
16366783,5.07202e-05,0.124188,-0.000412658,0.999985,0.000187603,0.000273078,-0.00553452,1.0,0.0,0.0,0.0,0
16401763,3.85772e-05,0.106189,-0.000388382,0.999983,0.000201591,0.0021771,-0.00545081,1.0,0.0,0.0,0.0,0
16431785,-1.28218e-05,0.0913876,-0.000448477,0.999979,0.000209242,0.0035867,-0.00539078,1.0,0.0,0.0,0.0,0
16464314,-7.83594e-05,0.0747277,-0.000340625,0.999974,0.000216548,0.00485916,-0.00532062,1.0,0.0,0.0,0.0,0
16491765,0.000123231,0.0591855,-0.000321424,0.99997,0.000222033,0.00573241,-0.00526381,1.0,0.0,0.0,0.0,0
16524296,-2.87674e-05,0.0397605,-0.000333837,0.999966,0.000224772,0.00647689,-0.00518744,1.0,0.0,0.0,0.0,0
16556787,4.62817e-05,0.021704,-0.000366507,0.999963,0.00022513,0.00692807,-0.00511391,1.0,0.0,0.0,0.0,0
16586787,-5.31105e-05,0.00867682,-0.000331613,0.999962,0.000224776,0.00713793,-0.00505235,1.0,0.0,0.0,0.0,0
16621766,-2.42169e-05,-0.00268941,-0.000348731,0.999962,0.00022228,0.00717363,-0.00497277,1.0,0.0,0.0,0.0,0
16651780,-2.8115e-05,-0.0105245,-0.000389666,0.999963,0.000219498,0.00706758,-0.00491599,1.0,0.0,0.0,0.0,0
16681786,-6.17663e-05,-0.016369,-0.000369231,0.999965,0.000216201,0.00687495,-0.00485479,1.0,0.0,0.0,0.0,0
16714271,3.36745e-05,-0.0229785,-0.000266781,0.999967,0.000212365,0.00657199,-0.00478573,1.0,0.0,0.0,0.0,0
16746755,-0.00010017,-0.0281136,-0.000376108,0.99997,0.00020785,0.00617561,-0.0047213,1.0,0.0,0.0,0.0,0
16779270,-6.11817e-05,-0.0324186,-0.000212966,0.999973,0.000202695,0.00571514,-0.00465368,1.0,0.0,0.0,0.0,0
16809313,-2.36401e-05,-0.0350486,-0.000121998,0.999976,0.000198026,0.00524418,-0.00459254,1.0,0.0,0.0,0.0,0
16839275,-5.18231e-05,-0.0364829,-0.000245028,0.999978,0.000193228,0.00474023,-0.00453658,1.0,0.0,0.0,0.0,0
16874257,9.76066e-05,-0.0374313,-0.000309171,0.999981,0.000187566,0.00414203,-0.00446607,1.0,0.0,0.0,0.0,0
16904300,4.37747e-05,-0.0376516,-0.000183984,0.999984,0.000182542,0.003621,-0.00441226,1.0,0.0,0.0,0.0,0
16936766,-1.22566e-05,-0.0372764,-0.000263439,0.999986,0.000177139,0.00305465,-0.00435978,1.0,0.0,0.0,0.0,0
16966820,-0.000136171,-0.0366906,-0.000283326,0.999988,0.000172047,0.00254223,-0.00430438,1.0,0.0,0.0,0.0,0
16996838,2.37535e-05,-0.0356455,-0.000284815,0.999989,0.000168083,0.00204343,-0.00425512,1.0,0.0,0.0,0.0,0
17031771,-8.56512e-06,-0.0341437,-0.000192611,0.99999,0.000163463,0.00148553,-0.00419481,1.0,0.0,0.0,0.0,0
17061796,2.57306e-05,-0.0327636,-0.000146749,0.999991,0.000158303,0.00103174,-0.00413218,1.0,0.0,0.0,0.0,0
17094316,5.15678e-05,-0.0307155,-0.00021674,0.999992,0.000153949,0.000567932,-0.00407065,1.0,0.0,0.0,0.0,0
17124306,5.84371e-05,-0.0289868,-0.000160802,0.999992,0.000150233,0.000161493,-0.00401723,1.0,0.0,0.0,0.0,0
17156762,6.22105e-05,-0.0273715,-0.000132573,0.999992,0.000146738,-0.00025889,-0.00396572,1.0,0.0,0.0,0.0,0
17186813,-0.000119012,-0.0252885,-0.000141057,0.999992,0.000143275,-0.000610307,-0.00390641,1.0,0.0,0.0,0.0,0
17216776,-9.79159e-05,-0.0230823,-8.27103e-05,0.999992,0.00014084,-0.000938442,-0.00385701,1.0,0.0,0.0,0.0,0
17251784,-1.99834e-05,-0.0207965,-0.000149417,0.999992,0.000138001,-0.00128558,-0.00379515,1.0,0.0,0.0,0.0,0
17281774,4.80571e-05,-0.0183249,-0.000141242,0.999992,0.000135303,-0.00154584,-0.00374149,1.0,0.0,0.0,0.0,0
17314280,4.50873e-05,-0.0158676,-8.55397e-05,0.999992,0.000132979,-0.00179117,-0.00368767,1.0,0.0,0.0,0.0,0
17346761,2.39264e-05,-0.0133055,-0.000149259,0.999991,0.000131003,-0.0020011,-0.0036376,1.0,0.0,0.0,0.0,0
17376769,-6.75511e-05,-0.0109931,-0.000177594,0.999991,0.000129461,-0.00215911,-0.00359023,1.0,0.0,0.0,0.0,0
17406826,0.000156551,-0.00885608,-0.000224588,0.999991,0.00012845,-0.00228691,-0.0035388,1.0,0.0,0.0,0.0,0
17439250,-4.97326e-05,-0.00723972,-0.000181607,0.999991,0.00012603,-0.00239851,-0.00348864,1.0,0.0,0.0,0.0,0
17469263,5.15071e-05,-0.00547804,-0.000130694,0.999991,0.000125095,-0.00247672,-0.00344025,1.0,0.0,0.0,0.0,0
17501747,4.44584e-05,-0.00394186,-9.04255e-05,0.999991,0.000124028,-0.00253437,-0.00338626,1.0,0.0,0.0,0.0,0
17531793,-8.8968e-05,-0.0027081,-6.71981e-05,0.999991,0.000123278,-0.00257006,-0.00334165,1.0,0.0,0.0,0.0,0
17566762,-9.17564e-05,-0.000991882,-3.8726e-05,0.999991,0.000120968,-0.00258752,-0.00329286,1.0,0.0,0.0,0.0,0
17596793,3.35832e-06,4.16304e-05,-0.00011709,0.999991,0.000119499,-0.00258029,-0.00324296,1.0,0.0,0.0,0.0,0
17629301,-2.57628e-05,0.00112141,-5.9389e-05,0.999992,0.000118299,-0.00255691,-0.00318595,1.0,0.0,0.0,0.0,0
17661764,-0.00010506,0.00163742,-9.68872e-05,0.999992,0.000117832,-0.00252431,-0.00313857,1.0,0.0,0.0,0.0,0
17691750,-1.1349e-05,0.00203672,-0.000108141,0.999992,0.000116497,-0.00248841,-0.0030937,1.0,0.0,0.0,0.0,0
17721788,1.85727e-05,0.00241538,-0.000136076,0.999992,0.000115385,-0.00244689,-0.00304743,1.0,0.0,0.0,0.0,0
17754303,-0.000205818,0.00299217,-4.30596e-05,0.999993,0.000113736,-0.00239538,-0.00299312,1.0,0.0,0.0,0.0,0
17786797,0.000117889,0.00344531,1.35437e-05,0.999993,0.000112796,-0.00233754,-0.00294542,1.0,0.0,0.0,0.0,0
17819294,-6.75718e-05,0.00393422,9.51959e-05,0.999993,0.000112138,-0.00227178,-0.00289092,1.0,0.0,0.0,0.0,0
17846765,2.88545e-06,0.00445793,3.73584e-05,0.999994,0.000111043,-0.00220917,-0.00285193,1.0,0.0,0.0,0.0,0
17881739,6.95592e-05,0.00506849,6.43366e-05,0.999994,0.000109831,-0.00211923,-0.0027983,1.0,0.0,0.0,0.0,0
17909304,7.67679e-05,0.00507521,-9.21465e-05,0.999994,0.000108599,-0.00204477,-0.00274943,1.0,0.0,0.0,0.0,0
17941761,2.92437e-05,0.00501081,-0.000151983,0.999994,0.000108347,-0.00195885,-0.00270427,1.0,0.0,0.0,0.0,0
17974272,2.16058e-05,0.00482574,3.96858e-05,0.999995,0.000107713,-0.00187544,-0.00265912,1.0,0.0,0.0,0.0,0
18006747,2.91926e-05,0.00461931,-1.81063e-05,0.999995,0.000107083,-0.00179576,-0.00260605,1.0,0.0,0.0,0.0,0
18039284,-3.69128e-05,0.00448747,-6.90569e-06,0.999995,0.000106278,-0.00171898,-0.00255968,1.0,0.0,0.0,0.0,0
18069274,-6.1642e-05,0.00428,-0.000123953,0.999996,0.000104978,-0.0016503,-0.00250882,1.0,0.0,0.0,0.0,0
18101780,-4.29308e-05,0.00406582,2.4595e-05,0.999996,0.000103439,-0.0015788,-0.00246883,1.0,0.0,0.0,0.0,0
18134296,-7.38748e-05,0.00399725,6.42528e-05,0.999996,0.000101829,-0.00150934,-0.00242462,1.0,0.0,0.0,0.0,0
18161776,-6.24443e-05,0.0038846,-2.647e-07,0.999996,9.98611e-05,-0.00145282,-0.00237966,1.0,0.0,0.0,0.0,0
18196767,-2.55569e-05,0.00368321,0.00010314,0.999996,9.82318e-05,-0.00138202,-0.0023301,1.0,0.0,0.0,0.0,0
18226785,-3.74397e-05,0.00327982,0.000115308,0.999996,9.61661e-05,-0.00132619,-0.00229208,1.0,0.0,0.0,0.0,0
18256830,-0.00011462,0.00249528,-3.57389e-05,0.999997,9.41752e-05,-0.00128099,-0.00225196,1.0,0.0,0.0,0.0,0
18289273,-2.11243e-05,0.00119037,6.40773e-05,0.999997,9.28241e-05,-0.00124855,-0.00220376,1.0,0.0,0.0,0.0,0
18321816,-2.51898e-05,3.07697e-05,0.000125137,0.999997,9.13296e-05,-0.00123832,-0.00216094,1.0,0.0,0.0,0.0,0
18354283,-3.64699e-05,-0.00093615,7.34972e-06,0.999997,8.9159e-05,-0.00124694,-0.00212027,1.0,0.0,0.0,0.0,0
18384259,4.36131e-05,-0.00148577,0.000221086,0.999997,8.84579e-05,-0.00126509,-0.00207793,1.0,0.0,0.0,0.0,0
18416781,-2.00756e-05,-0.00153402,7.32044e-05,0.999997,8.67523e-05,-0.00128813,-0.00203316,1.0,0.0,0.0,0.0,0
18446754,-6.87642e-06,-0.00132544,4.21827e-05,0.999997,8.5065e-05,-0.0013079,-0.00199417,1.0,0.0,0.0,0.0,0
18476785,-5.96294e-05,-0.001016,0.00011498,0.999997,8.34352e-05,-0.00132441,-0.00195584,1.0,0.0,0.0,0.0,0
18511772,5.9152e-06,-0.0008165,-1.82726e-05,0.999997,8.188e-05,-0.00133809,-0.00190817,1.0,0.0,0.0,0.0,0
18541796,-5.58768e-05,-0.000606512,4.89347e-05,0.999997,8.02543e-05,-0.00134608,-0.00186991,1.0,0.0,0.0,0.0,0
18574276,-7.07455e-05,-0.000544613,5.59635e-05,0.999997,7.82993e-05,-0.00135375,-0.00183098,1.0,0.0,0.0,0.0,0
18604283,1.89286e-05,-0.00027958,0.000104471,0.999998,7.76485e-05,-0.00135969,-0.00178875,1.0,0.0,0.0,0.0,0
18634511,0.000122571,-0.000318302,8.82559e-05,0.999998,7.65547e-05,-0.00136324,-0.00175275,1.0,0.0,0.0,0.0,0
18666817,-8.20312e-05,-9.1624e-05,7.92091e-05,0.999998,7.61134e-05,-0.00136631,-0.00171505,1.0,0.0,0.0,0.0,0
18699253,-0.000101749,0.000147603,3.20949e-05,0.999998,7.48385e-05,-0.00136589,-0.00167107,1.0,0.0,0.0,0.0,0
18731749,0.000110305,0.000134842,2.22464e-05,0.999998,7.41947e-05,-0.00136288,-0.00163438,1.0,0.0,0.0,0.0,0
18761786,2.42265e-05,0.000401014,0.000129745,0.999998,7.38252e-05,-0.00135913,-0.00159874,1.0,0.0,0.0,0.0,0
18794264,-0.000181925,0.000326785,0.000120079,0.999998,7.23136e-05,-0.00135468,-0.00155665,1.0,0.0,0.0,0.0,0
18826735,-1.94906e-05,0.000248146,0.000137087,0.999998,7.13097e-05,-0.00135009,-0.00152071,1.0,0.0,0.0,0.0,0
18854237,-1.59063e-05,0.000456496,0.000115685,0.999998,7.01668e-05,-0.0013455,-0.00148502,1.0,0.0,0.0,0.0,0
18889257,-8.33606e-05,0.000538358,0.000178218,0.999998,6.92767e-05,-0.00133727,-0.00144107,1.0,0.0,0.0,0.0,0
18919275,7.58382e-05,0.000591594,9.73319e-05,0.999998,6.86118e-05,-0.00132811,-0.00140471,1.0,0.0,0.0,0.0,0
18949292,-1.70376e-05,0.000574974,0.000155209,0.999998,6.73313e-05,-0.00131751,-0.00136989,1.0,0.0,0.0,0.0,0
18981755,-1.32543e-05,0.000713205,7.51908e-06,0.999998,6.69043e-05,-0.00130576,-0.00133647,1.0,0.0,0.0,0.0,0
19014306,-2.95554e-06,0.000609153,3.52654e-05,0.999998,6.58248e-05,-0.00129428,-0.00129486,1.0,0.0,0.0,0.0,0
19044255,-6.82767e-06,0.000656324,0.00014098,0.999998,6.47916e-05,-0.00128406,-0.00125793,1.0,0.0,0.0,0.0,0
19076782,6.16086e-06,0.000517095,0.000120397,0.999999,6.4086e-05,-0.00127353,-0.00122124,1.0,0.0,0.0,0.0,0
19109248,-0.000118847,0.000550386,0.000200035,0.999999,6.22543e-05,-0.00126358,-0.00118343,1.0,0.0,0.0,0.0,0
19141570,2.58058e-05,0.000567634,0.000301896,0.999999,6.12598e-05,-0.00125456,-0.00114696,1.0,0.0,0.0,0.0,0
19173589,-1.04556e-05,0.000664604,0.00015052,0.999999,6.04175e-05,-0.00124476,-0.00111284,1.0,0.0,0.0,0.0,0
19201093,-7.90918e-05,0.000730691,0.000124709,0.999999,5.90877e-05,-0.00123523,-0.00108471,1.0,0.0,0.0,0.0,0
19236066,-4.04665e-05,0.00108989,0.000137336,0.999999,5.75209e-05,-0.00121969,-0.00104517,1.0,0.0,0.0,0.0,0
19266072,-4.52462e-05,0.00105017,0.000103812,0.999999,5.67727e-05,-0.00120507,-0.00101066,1.0,0.0,0.0,0.0,0
19298565,7.26878e-05,0.00129034,0.000225615,0.999999,5.60221e-05,-0.00118644,-0.000980819,1.0,0.0,0.0,0.0,0
19328578,-2.88181e-06,0.00143086,0.000175531,0.999999,5.51301e-05,-0.00116604,-0.000946865,1.0,0.0,0.0,0.0,0
19361046,-7.79105e-05,0.00173298,0.000139091,0.999999,5.48428e-05,-0.00114129,-0.000908351,1.0,0.0,0.0,0.0,0
19393559,1.93316e-05,0.00191412,0.000212273,0.999999,5.43559e-05,-0.00111383,-0.000872464,1.0,0.0,0.0,0.0,0
19423575,-4.02487e-05,0.00201222,0.000134706,0.999999,5.38899e-05,-0.00108672,-0.000836288,1.0,0.0,0.0,0.0,0
19456053,-1.05183e-05,0.00208666,0.000192483,0.999999,5.40111e-05,-0.00105578,-0.000799445,1.0,0.0,0.0,0.0,0
19488568,-0.000104308,0.00208486,0.000221378,0.999999,5.35413e-05,-0.00102456,-0.000768471,1.0,0.0,0.0,0.0,0
19516111,-5.37755e-05,0.00193638,0.000115831,0.999999,5.35501e-05,-0.000998889,-0.000739487,1.0,0.0,0.0,0.0,0
19551073,5.5313e-07,0.00177972,0.000185968,0.999999,5.31349e-05,-0.000968591,-0.000703847,1.0,0.0,0.0,0.0,0
19581071,-6.89636e-06,0.00172808,0.000147267,0.999999,5.30162e-05,-0.000943511,-0.000673199,1.0,0.0,0.0,0.0,0
19613557,-5.90977e-05,0.00150018,0.000245928,0.999999,5.21194e-05,-0.000919357,-0.000636693,1.0,0.0,0.0,0.0,0
19646070,-0.000136268,0.00133697,0.00025222,0.999999,5.18937e-05,-0.000896744,-0.000607999,1.0,0.0,0.0,0.0,0
19673553,-6.17723e-05,0.00103296,0.000117236,0.999999,5.11859e-05,-0.000881586,-0.000582045,1.0,0.0,0.0,0.0,0
19706097,3.94025e-05,0.00122389,0.000111361,0.999999,5.05978e-05,-0.000863258,-0.000547455,1.0,0.0,0.0,0.0,0
19738568,7.02734e-05,0.00108241,0.000164565,1.0,5.05779e-05,-0.00084714,-0.000513987,1.0,0.0,0.0,0.0,0
19768559,2.19383e-06,0.000755673,0.000149495,1.0,5.09901e-05,-0.000836587,-0.000481745,1.0,0.0,0.0,0.0,0
19803615,-0.000136016,0.00060751,0.000302617,1.0,5.0589e-05,-0.000825651,-0.000448089,1.0,0.0,0.0,0.0,0
19833545,-4.89648e-06,0.000604653,0.000345991,1.0,5.04103e-05,-0.000818319,-0.000420436,1.0,0.0,0.0,0.0,0
19863589,-6.62779e-05,0.000459341,0.0002074,1.0,4.95154e-05,-0.000811069,-0.000394172,1.0,0.0,0.0,0.0,0
19893543,-8.42231e-05,0.000339033,0.000208243,1.0,4.88218e-05,-0.000806093,-0.000363743,1.0,0.0,0.0,0.0,0
19926057,-9.04628e-05,0.000369908,0.000238874,1.0,4.81755e-05,-0.000802228,-0.000331595,1.0,0.0,0.0,0.0,0
19961065,-2.36983e-05,0.000237525,0.000242857,1.0,4.77117e-05,-0.00080009,-0.000298296,1.0,0.0,0.0,0.0,0
19991070,-9.83735e-05,-9.61818e-05,0.000217804,1.0,4.74456e-05,-0.000800794,-0.000269771,1.0,0.0,0.0,0.0,0
20023562,-0.000123715,-7.90686e-05,0.000241002,1.0,4.68599e-05,-0.000802597,-0.00024276,1.0,0.0,0.0,0.0,0
20053527,-0.000118813,-0.000216553,0.000294614,1.0,4.59206e-05,-0.000805533,-0.000216352,1.0,0.0,0.0,0.0,0
20086101,1.2512e-05,-0.000145964,0.000243909,1.0,4.58984e-05,-0.000808657,-0.000182259,1.0,0.0,0.0,0.0,0
20118534,6.76122e-06,-0.000115328,0.00023441,1.0,4.59233e-05,-0.000811787,-0.000157331,1.0,0.0,0.0,0.0,0
20148608,-3.1451e-05,-6.39146e-05,0.000287396,1.0,4.57377e-05,-0.000813835,-0.000129726,1.0,0.0,0.0,0.0,0
20181038,-8.95077e-05,0.000201458,0.000250857,1.0,4.59698e-05,-0.000812929,-0.000103274,1.0,0.0,0.0,0.0,0
20211103,-4.2579e-06,0.000131277,0.000286535,1.0,4.5588e-05,-0.00081134,-7.3357e-05,1.0,0.0,0.0,0.0,0
20243585,-2.28691e-05,0.000244022,0.000249435,1.0,4.70845e-05,-0.000809821,-4.727e-05,1.0,0.0,0.0,0.0,0
20273617,4.17824e-05,0.000320055,0.000311726,1.0,4.76464e-05,-0.000807347,-2.13138e-05,1.0,0.0,0.0,0.0,0
20306042,7.13287e-05,0.000283801,0.000419015,1.0,4.80135e-05,-0.000803148,5.60265e-06,1.0,0.0,0.0,0.0,0
20338551,-1.68713e-05,0.000374223,0.000305656,1.0,4.83113e-05,-0.000798806,3.36206e-05,1.0,0.0,0.0,0.0,0
20368557,-2.71418e-06,0.000344534,0.000194923,1.0,4.86791e-05,-0.000795302,5.80623e-05,1.0,0.0,0.0,0.0,0
20398586,-5.35106e-05,0.000218311,0.000437858,1.0,4.86627e-05,-0.000792561,8.46622e-05,1.0,0.0,0.0,0.0,0
20431102,2.36597e-05,0.000251071,0.000191795,1.0,4.86671e-05,-0.000789582,0.000107882,1.0,0.0,0.0,0.0,0
20461046,-5.33519e-05,0.000354482,0.000268674,1.0,4.8301e-05,-0.00078699,0.000132816,1.0,0.0,0.0,0.0,0
20496049,-9.42799e-06,0.000187228,0.000345341,1.0,4.79916e-05,-0.000784608,0.000163312,1.0,0.0,0.0,0.0,0
20526048,0.000171994,0.000145975,0.000217383,1.0,4.85614e-05,-0.000782789,0.000186981,1.0,0.0,0.0,0.0,0
20558563,-1.75183e-05,-5.90306e-05,0.000257027,1.0,4.97262e-05,-0.000782658,0.000213591,1.0,0.0,0.0,0.0,0
20588567,2.90482e-06,0.000127194,0.00031629,1.0,4.98653e-05,-0.00078425,0.000239843,1.0,0.0,0.0,0.0,0
20618555,4.05016e-05,-0.000168392,0.000386151,1.0,5.05091e-05,-0.000786467,0.000264286,1.0,0.0,0.0,0.0,0
20653577,6.44719e-05,-0.000320666,0.000367063,1.0,5.14609e-05,-0.000792313,0.000292685,1.0,0.0,0.0,0.0,0
20681086,-5.7381e-05,-0.000406703,0.000200686,1.0,5.22203e-05,-0.000797776,0.00031159,1.0,0.0,0.0,0.0,0
20716109,-9.51977e-05,-0.000425972,0.000355435,1.0,5.34061e-05,-0.000805484,0.00033761,1.0,0.0,0.0,0.0,0
20748520,-4.8877e-06,-0.000582526,0.000281485,1.0,5.3991e-05,-0.000814256,0.000362294,1.0,0.0,0.0,0.0,0
20776067,2.99818e-05,-0.000571204,0.000267168,1.0,5.45502e-05,-0.000821223,0.000380746,1.0,0.0,0.0,0.0,0
20811075,-2.77503e-05,-0.000782155,0.000317877,1.0,5.50857e-05,-0.000831872,0.000406923,1.0,0.0,0.0,0.0,0
20838545,1.49047e-05,-0.000768235,0.000456065,1.0,5.60921e-05,-0.000842431,0.000426952,1.0,0.0,0.0,0.0,0
20873600,3.87683e-05,-0.000835412,0.000390576,1.0,5.73377e-05,-0.000857688,0.000455622,1.0,0.0,0.0,0.0,0
20906043,-8.50679e-05,-0.000873802,0.000202756,1.0,5.84257e-05,-0.000872415,0.0004804,1.0,0.0,0.0,0.0,0
20933575,7.7366e-05,-0.00100932,0.000247599,0.999999,5.9064e-05,-0.000885995,0.000496838,1.0,0.0,0.0,0.0,0
20968610,5.61087e-05,-0.000991476,0.000295502,0.999999,5.94598e-05,-0.000903066,0.00052167,1.0,0.0,0.0,0.0,0
20998577,2.98232e-05,-0.000933124,0.000322242,0.999999,6.03996e-05,-0.000917205,0.000544908,1.0,0.0,0.0,0.0,0
21031086,-7.39157e-05,-0.00077612,0.000408506,0.999999,6.03957e-05,-0.000930424,0.000567841,1.0,0.0,0.0,0.0,0
21063603,-4.94463e-06,-0.000612707,0.000293277,0.999999,6.09765e-05,-0.000941887,0.000592928,1.0,0.0,0.0,0.0,0
21091059,2.20359e-06,-0.000603368,0.000282336,0.999999,6.13073e-05,-0.000950527,0.000612572,1.0,0.0,0.0,0.0,0
21126643,-2.58061e-05,-0.000566529,0.000316603,0.999999,6.18582e-05,-0.000959885,0.000635403,1.0,0.0,0.0,0.0,0
21156072,-6.39057e-05,-0.000459279,0.000340955,0.999999,6.20789e-05,-0.000967266,0.000659441,1.0,0.0,0.0,0.0,0
21188585,-6.56181e-05,-0.000502278,0.000297332,0.999999,6.21642e-05,-0.000975063,0.000682011,1.0,0.0,0.0,0.0,0
21221059,5.36162e-05,-0.000355323,0.000280203,0.999999,6.21904e-05,-0.000981683,0.000705594,1.0,0.0,0.0,0.0,0
21248592,-3.38476e-05,-0.000407635,0.000278419,0.999999,6.20617e-05,-0.000986729,0.000722733,1.0,0.0,0.0,0.0,0
21283549,-2.6082e-05,-0.000328127,0.0002476,0.999999,6.1522e-05,-0.000992246,0.000746101,1.0,0.0,0.0,0.0,0
21311075,5.39326e-05,-0.000169708,0.00028409,0.999999,6.12926e-05,-0.000996041,0.00076592,1.0,0.0,0.0,0.0,0
21346058,-0.000188894,-0.000130711,0.000355866,0.999999,6.112e-05,-0.000999094,0.00078942,1.0,0.0,0.0,0.0,0
21376087,1.26584e-05,-0.000122,0.0002858,0.999999,6.1541e-05,-0.00100234,0.000810222,1.0,0.0,0.0,0.0,0
21406042,-1.84004e-05,-8.04503e-05,0.000346543,0.999999,6.19532e-05,-0.00100397,0.000832053,1.0,0.0,0.0,0.0,0
21441063,-4.92889e-05,-0.000107359,0.000308664,0.999999,6.12907e-05,-0.00100676,0.000852477,1.0,0.0,0.0,0.0,0
21468608,-5.74247e-05,-0.000199345,0.000284829,0.999999,6.10614e-05,-0.00101039,0.000871826,1.0,0.0,0.0,0.0,0
21503561,-4.30152e-05,-0.000485436,0.000288076,0.999999,6.07345e-05,-0.00101671,0.000895839,1.0,0.0,0.0,0.0,0
21536039,9.74205e-05,-0.000476554,0.000362749,0.999999,6.1257e-05,-0.00102436,0.000915635,1.0,0.0,0.0,0.0,0
21563570,-6.45774e-05,-0.000379801,0.000365401,0.999999,6.2047e-05,-0.00103028,0.00093646,1.0,0.0,0.0,0.0,0
21596084,-5.84856e-05,-0.000549629,0.000281943,0.999999,6.15366e-05,-0.00103779,0.000956549,1.0,0.0,0.0,0.0,0
21626042,-5.52964e-06,-0.000319748,0.000288792,0.999999,6.10961e-05,-0.00104335,0.000976878,1.0,0.0,0.0,0.0,0
21661088,6.01863e-05,-0.000380487,0.00024802,0.999999,6.13078e-05,-0.00105009,0.000998492,1.0,0.0,0.0,0.0,0
21691057,-4.33794e-05,-0.000430208,0.000357308,0.999999,6.15753e-05,-0.00105419,0.00101753,1.0,0.0,0.0,0.0,0
21723554,-3.38883e-05,-0.000436803,0.000339784,0.999999,6.14237e-05,-0.00106036,0.00103908,1.0,0.0,0.0,0.0,0
21753546,-4.18582e-05,-0.000503134,0.000440222,0.999999,6.17168e-05,-0.00106664,0.00105587,1.0,0.0,0.0,0.0,0
21786068,-1.34128e-05,-0.000383148,0.000360571,0.999999,6.19404e-05,-0.00107248,0.00107647,1.0,0.0,0.0,0.0,0
21818570,-0.000103154,-0.000442967,0.000460065,0.999999,6.16249e-05,-0.0010795,0.00109486,1.0,0.0,0.0,0.0,0
21848597,0.000135619,-0.000381841,0.000345754,0.999999,6.17988e-05,-0.0010863,0.00111675,1.0,0.0,0.0,0.0,0
21878554,-2.86988e-05,-0.000460021,0.000391334,0.999999,6.15876e-05,-0.00109274,0.00113579,1.0,0.0,0.0,0.0,0
21911078,7.13223e-06,-0.000402537,0.000331925,0.999999,6.27223e-05,-0.00109865,0.00115301,1.0,0.0,0.0,0.0,0
21943545,-7.92075e-05,-0.000235322,0.000389992,0.999999,6.19979e-05,-0.00110389,0.00117514,1.0,0.0,0.0,0.0,0
21976048,7.84843e-05,-0.000275068,0.000220115,0.999999,6.31866e-05,-0.00110792,0.00119421,1.0,0.0,0.0,0.0,0
22008590,3.51131e-05,-0.000182439,0.000348456,0.999999,6.34217e-05,-0.0011111,0.00121246,1.0,0.0,0.0,0.0,0
22038542,-6.08322e-05,-0.000323612,0.00031949,0.999999,6.36558e-05,-0.00111356,0.00122945,1.0,0.0,0.0,0.0,0
22071031,-0.000174177,-0.000249648,0.000367495,0.999999,6.36297e-05,-0.00111663,0.00124782,1.0,0.0,0.0,0.0,0
22096788,-9.33471e-05,-0.000275454,0.000518107,0.999999,6.32376e-05,-0.00111908,0.00126273,1.0,0.0,0.0,0.0,0
22134302,-1.82754e-08,-0.000195692,0.000352143,0.999999,6.43543e-05,-0.00112377,0.00128504,1.0,0.0,0.0,0.0,0
22164348,-7.58353e-05,-0.000185234,0.000325758,0.999999,6.53305e-05,-0.00112702,0.00130147,1.0,0.0,0.0,0.0,0
22194340,6.79644e-06,-0.000254212,0.000390083,0.999999,6.53858e-05,-0.00113077,0.00131898,1.0,0.0,0.0,0.0,0
22228277,-7.53237e-06,-9.22788e-05,0.000283515,0.999999,6.60282e-05,-0.00113285,0.00133669,1.0,0.0,0.0,0.0,0
22258295,-1.85004e-05,0.000132986,0.000388358,0.999999,6.68228e-05,-0.00113232,0.00135431,1.0,0.0,0.0,0.0,0
22288287,-2.31566e-05,0.000475222,0.000263818,0.999999,6.67552e-05,-0.00112734,0.0013697,1.0,0.0,0.0,0.0,0
22323251,-4.95399e-05,0.000593757,0.000360014,0.999998,6.71842e-05,-0.00111959,0.00139232,1.0,0.0,0.0,0.0,0
22353284,5.79562e-06,0.000677939,0.000485936,0.999998,6.76791e-05,-0.00111112,0.00140941,1.0,0.0,0.0,0.0,0
22385836,-4.98943e-05,0.0007498,0.000333017,0.999998,6.81238e-05,-0.00110025,0.00142806,1.0,0.0,0.0,0.0,0
22415790,1.33083e-05,0.000874474,0.000380223,0.999998,6.7552e-05,-0.00108949,0.00144452,1.0,0.0,0.0,0.0,0
22448294,2.52794e-05,0.000637644,0.000358656,0.999998,6.74066e-05,-0.00107878,0.00146217,1.0,0.0,0.0,0.0,0
22480766,-5.79124e-05,0.000837017,0.000379141,0.999998,6.7887e-05,-0.0010664,0.00147999,1.0,0.0,0.0,0.0,0
22508309,-2.00906e-05,0.000849239,0.000351072,0.999998,6.83341e-05,-0.00105498,0.00149502,1.0,0.0,0.0,0.0,0
22543311,-8.18449e-05,0.000933899,0.000453324,0.999998,6.82815e-05,-0.0010387,0.00151412,1.0,0.0,0.0,0.0,0
22575783,-8.47866e-05,0.00103303,0.000376221,0.999998,6.84196e-05,-0.00102283,0.00153112,1.0,0.0,0.0,0.0,0
22605811,-5.51543e-05,0.000922353,0.000363032,0.999998,6.83971e-05,-0.00100888,0.00154726,1.0,0.0,0.0,0.0,0
22638274,-0.000106976,0.000776801,0.000358499,0.999998,6.74967e-05,-0.000995725,0.00156406,1.0,0.0,0.0,0.0,0
22665805,-4.72748e-05,0.000717955,0.000312872,0.999998,6.75859e-05,-0.000986315,0.00157913,1.0,0.0,0.0,0.0,0
22695782,0.000133809,0.000645394,0.000326868,0.999998,6.75981e-05,-0.000977734,0.00159691,1.0,0.0,0.0,0.0,0
22730828,4.3729e-05,0.00044035,0.000438648,0.999998,6.77818e-05,-0.000969456,0.00161426,1.0,0.0,0.0,0.0,0
22763278,7.17442e-05,0.000123996,0.000297549,0.999998,6.73131e-05,-0.000965661,0.00163022,1.0,0.0,0.0,0.0,0
22793261,-5.71135e-05,0.000226674,0.000376495,0.999998,6.76788e-05,-0.000962343,0.00164491,1.0,0.0,0.0,0.0,0
22825848,3.97344e-05,0.000224984,0.000382467,0.999998,6.8028e-05,-0.000958573,0.00166273,1.0,0.0,0.0,0.0,0
22855820,3.20349e-05,0.000156915,0.000419182,0.999998,6.88944e-05,-0.000955628,0.0016765,1.0,0.0,0.0,0.0,0
22890746,-8.51931e-05,0.000143425,0.000413434,0.999998,6.86673e-05,-0.000953128,0.00169386,1.0,0.0,0.0,0.0,0
22918305,1.38308e-05,0.000193075,0.000408072,0.999998,6.92869e-05,-0.000951153,0.00170803,1.0,0.0,0.0,0.0,0
22953285,-5.92911e-05,5.75814e-05,0.000446131,0.999998,6.98506e-05,-0.000948708,0.00172461,1.0,0.0,0.0,0.0,0
22983326,-2.66132e-05,1.25417e-05,0.00028707,0.999998,6.98249e-05,-0.000949037,0.0017382,1.0,0.0,0.0,0.0,0
23015816,0.000116561,3.42106e-05,0.000437177,0.999998,7.07794e-05,-0.000949786,0.00175379,1.0,0.0,0.0,0.0,0
23048320,0.000102447,-0.00024106,0.000418365,0.999998,7.15069e-05,-0.000951003,0.00177068,1.0,0.0,0.0,0.0,0
23075821,-5.46555e-05,7.42162e-05,0.00029668,0.999998,7.10549e-05,-0.000951768,0.00178403,1.0,0.0,0.0,0.0,0
23110798,-0.000149631,-6.41973e-05,0.000380948,0.999998,7.0719e-05,-0.000952705,0.00179966,1.0,0.0,0.0,0.0,0
23138272,3.86811e-05,-0.0002142,0.000312013,0.999998,7.07871e-05,-0.000954705,0.00181373,1.0,0.0,0.0,0.0,0
23170777,-9.19932e-05,-0.000198581,0.000474471,0.999998,7.14082e-05,-0.000958158,0.00182987,1.0,0.0,0.0,0.0,0
23205862,-0.000110446,-0.000300849,0.000418049,0.999998,7.13452e-05,-0.00096068,0.00184537,1.0,0.0,0.0,0.0,0
